zip_code,district,postal_area_name,percent_of_zip_code_population_in_district
89010,3,Dyer,100
89019,3,Jean,19.23076923
89019,23,Jean,80.76923077
89060,3,Pahrump,100
89061,3,Pahrump,100
89439,3,Verdi,100
90001,37,Los Angeles,19.9806656
90001,42,Los Angeles,80.0193344
90002,37,Los Angeles,7.200376294
90002,42,Los Angeles,30.41580433
90002,43,Los Angeles,62.38381938
90002,44,Los Angeles,0
90003,37,Los Angeles,60.72645814
90003,43,Los Angeles,39.27354186
90004,30,Los Angeles,29.66288299
90004,34,Los Angeles,70.33711701
90005,30,Los Angeles,8.094874562
90005,34,Los Angeles,91.90512544
90006,34,Los Angeles,90.72970513
90006,37,Los Angeles,9.27029487
90007,34,Los Angeles,6.57727628
90007,37,Los Angeles,93.42272372
90008,37,Los Angeles,100
90010,30,Los Angeles,11.75925926
90010,34,Los Angeles,88.24074074
90011,37,Los Angeles,99.98924815
90011,42,Los Angeles,0.010751847
90012,30,Los Angeles,0.224513308
90012,34,Los Angeles,99.77548669
90013,34,Los Angeles,100
90014,34,Los Angeles,42.90036741
90014,37,Los Angeles,57.09963259
90015,34,Los Angeles,34.46420729
90015,37,Los Angeles,65.53579271
90016,37,Los Angeles,100
90017,34,Los Angeles,89.19948709
90017,37,Los Angeles,10.80051291
90018,37,Los Angeles,100
90019,30,Los Angeles,4.862746363
90019,34,Los Angeles,15.09306151
90019,37,Los Angeles,80.04419212
90020,30,Los Angeles,7.03726676
90020,34,Los Angeles,92.96273324
90021,34,Los Angeles,52.42681048
90021,37,Los Angeles,47.57318952
90022,28,Los Angeles,0
90022,34,Los Angeles,98.46862067
90022,38,Los Angeles,0.099198661
90022,42,Los Angeles,1.432180666
90023,34,Los Angeles,99.89769042
90023,42,Los Angeles,0.102309584
90024,32,Los Angeles,10.49336007
90024,36,Los Angeles,89.50663993
90025,32,Los Angeles,34.91840056
90025,36,Los Angeles,65.08159944
90025,37,Los Angeles,0
90026,30,Los Angeles,60.41150184
90026,34,Los Angeles,39.58849816
90027,30,Los Angeles,100
90028,30,Los Angeles,100
90029,30,Los Angeles,100
90031,30,Los Angeles,5.683979321
90031,34,Los Angeles,94.31602068
90032,34,Los Angeles,100
90033,34,Los Angeles,100
90034,36,Los Angeles,39.34245521
90034,37,Los Angeles,60.65754479
90035,37,Los Angeles,100
90036,30,Los Angeles,99.91908771
90036,37,Los Angeles,0.080912286
90037,37,Los Angeles,100
90038,30,Los Angeles,100
90039,30,Los Angeles,99.49392352
90039,34,Los Angeles,0.506076482
90040,34,Los Angeles,5.260981057
90040,42,Los Angeles,94.73901894
90041,30,Los Angeles,0
90041,34,Los Angeles,100
90042,28,Los Angeles,0.2641736
90042,34,Los Angeles,99.7358264
90043,37,Los Angeles,99.89605665
90043,43,Los Angeles,0.103943351
90044,37,Los Angeles,44.53865231
90044,43,Los Angeles,55.46134769
90045,36,Los Angeles,81.03326429
90045,37,Los Angeles,0.058486658
90045,43,Los Angeles,18.90824906
90046,30,Los Angeles,90.66157201
90046,32,Los Angeles,9.338427991
90047,37,Los Angeles,71.57953503
90047,43,Los Angeles,28.42046497
90048,30,Los Angeles,98.66395328
90048,37,Los Angeles,1.336046717
90049,32,Los Angeles,100
90052,37,Los Angeles,100
90056,37,Los Angeles,90.82355816
90056,43,Los Angeles,9.176441838
90057,34,Los Angeles,100
90058,34,Los Angeles,1.999466809
90058,37,Los Angeles,88.29645428
90058,42,Los Angeles,9.704078912
90059,43,Los Angeles,100
90059,44,Los Angeles,0
90061,43,Los Angeles,100
90062,37,Los Angeles,100
90063,28,Los Angeles,0
90063,34,Los Angeles,100
90064,36,Los Angeles,99.28501434
90064,37,Los Angeles,0.714985664
90065,30,Los Angeles,0
90065,34,Los Angeles,100
90066,36,Los Angeles,100
90067,36,Los Angeles,1.525119617
90067,37,Los Angeles,98.47488038
90068,30,Los Angeles,98.64948073
90068,32,Los Angeles,1.350519273
90069,30,West Hollywood,82.78760202
90069,32,West Hollywood,17.21239798
90071,34,Los Angeles,100
90073,32,Los Angeles,100
90077,32,Los Angeles,100
90079,37,Los Angeles,100
90089,37,Los Angeles,100
90094,36,Playa Vista,100
90095,36,Los Angeles,100
90201,42,Bell Gardens,100
90210,30,Beverly Hills,1.007854642
90210,32,Beverly Hills,37.30954859
90210,36,Beverly Hills,61.68259676
90211,36,Beverly Hills,100
90211,37,Beverly Hills,0
90212,36,Beverly Hills,99.59828836
90212,37,Beverly Hills,0.401711641
90220,43,Compton,93.95778783
90220,44,Compton,6.042212172
90221,43,Compton,99.54909534
90221,44,Compton,0.450904663
90222,43,Compton,99.6666358
90222,44,Compton,0.3333642
90230,36,Culver City,36.81702959
90230,37,Culver City,63.18297041
90232,37,Culver City,100
90240,38,Downey,53.87054161
90240,42,Downey,46.12945839
90241,38,Downey,3.167783442
90241,42,Downey,96.83221656
90242,42,Downey,100
90245,36,El Segundo,100
90247,43,Gardena,100
90248,43,Gardena,71.67773351
90248,44,Gardena,28.32226649
90249,43,Gardena,100
90250,43,Hawthorne,100
90254,36,Hermosa Beach,100
90255,42,Huntington Park,99.92411147
90255,44,Huntington Park,0.075888528
90260,43,Lawndale,100
90262,44,Lynwood,100
90263,32,Malibu,100
90265,26,Malibu,3.503226656
90265,32,Malibu,96.49677334
90266,36,Manhattan Beach,100
90270,42,Maywood,100
90272,32,Pacific Palisades,100
90274,36,Palos Verdes Peninsula,100
90275,36,Rancho Palos Verdes,100
90275,44,Rancho Palos Verdes,0
90277,36,Redondo Beach,100
90278,36,Redondo Beach,99.82933536
90278,43,Redondo Beach,0.170664644
90280,42,South Gate,0
90280,43,South Gate,0
90280,44,South Gate,100
90290,26,Topanga,0.843373494
90290,32,Topanga,99.15662651
90291,36,Venice,100
90292,36,Marina Del Rey,100
90293,36,Playa Del Rey,99.98416845
90293,43,Playa Del Rey,0.015831552
90301,43,Inglewood,100
90302,43,Inglewood,100
90303,43,Inglewood,100
90304,43,Inglewood,100
90305,43,Inglewood,100
90401,36,Santa Monica,100
90402,32,Santa Monica,20.43920293
90402,36,Santa Monica,79.56079707
90403,32,Santa Monica,0.059340138
90403,36,Santa Monica,99.94065986
90404,36,Santa Monica,100
90405,36,Santa Monica,100
90501,36,Torrance,24.2236872
90501,43,Torrance,30.07047056
90501,44,Torrance,45.70584224
90502,44,Torrance,100
90503,36,Torrance,55.25933107
90503,43,Torrance,44.74066893
90504,36,Torrance,0.538411839
90504,43,Torrance,99.46158816
90505,36,Torrance,98.10605027
90505,43,Torrance,1.893949731
90506,43,Torrance,0
90601,31,Whittier,9.256704981
90601,38,Whittier,90.74329502
90602,38,Whittier,100
90603,38,Whittier,100
90604,38,Whittier,100
90605,38,Whittier,100
90606,38,Whittier,100
90620,45,Buena Park,99.6692724
90620,46,Buena Park,0.330727601
90621,45,Buena Park,99.98647625
90621,46,Buena Park,0.013523748
90623,45,La Palma,100
90630,42,Cypress,0.234163915
90630,45,Cypress,99.76583609
90631,38,La Habra,99.95973135
90631,45,La Habra,0.040268649
90638,38,La Mirada,99.02271808
90638,45,La Mirada,0.977281921
90639,38,La Mirada,100
90640,28,Montebello,0
90640,34,Montebello,0.162736526
90640,38,Montebello,99.83726347
90640,42,Montebello,0
90650,38,Norwalk,100
90650,42,Norwalk,0
90660,38,Pico Rivera,100
90670,38,Santa Fe Springs,100
90680,45,Stanton,0
90680,46,Stanton,100
90701,45,Artesia,100
90703,38,Cerritos,0
90703,42,Cerritos,0
90703,45,Cerritos,100
90704,42,Avalon,100
90706,42,Bellflower,80.70574268
90706,44,Bellflower,19.29425732
90710,36,Harbor City,35.91806051
90710,44,Harbor City,64.08193949
90712,44,Lakewood,100
90713,42,Lakewood,98.22987307
90713,44,Lakewood,1.770126934
90713,45,Lakewood,0
90715,42,Lakewood,88.20896233
90715,45,Lakewood,11.79103767
90716,45,Hawaiian Gardens,100
90717,36,Lomita,98.76156777
90717,44,Lomita,1.238432226
90720,45,Los Alamitos,100
90720,47,Los Alamitos,0
90723,42,Paramount,0.020457504
90723,44,Paramount,99.9795425
90731,42,San Pedro,0.00489636
90731,44,San Pedro,99.99510364
90732,36,San Pedro,0.042061971
90732,44,San Pedro,99.95793803
90740,42,Seal Beach,0.044410352
90740,47,Seal Beach,99.95558965
90742,47,Sunset Beach,100
90743,47,Surfside,100
90744,42,Wilmington,0
90744,44,Wilmington,100
90745,44,Carson,100
90746,43,Carson,0.088407559
90746,44,Carson,99.91159244
90747,44,Carson,100
90755,42,Signal Hill,100
90755,44,Signal Hill,0
90802,42,Long Beach,100
90803,42,Long Beach,100
90804,42,Long Beach,100
90805,43,Long Beach,0.042999476
90805,44,Long Beach,99.95700052
90806,42,Long Beach,36.37740021
90806,44,Long Beach,63.62259979
90807,42,Long Beach,0.018511662
90807,44,Long Beach,99.98148834
90808,42,Long Beach,47.52056759
90808,44,Long Beach,52.47943241
90808,45,Long Beach,0
90810,42,Long Beach,8.209400711
90810,44,Long Beach,91.79059929
90813,42,Long Beach,99.95784844
90813,44,Long Beach,0.042151562
90814,42,Long Beach,100
90815,42,Long Beach,100
90822,42,Long Beach,100
90831,42,Long Beach,0
90840,42,Long Beach,100
91001,28,Altadena,100
91001,30,Altadena,0
91006,28,Arcadia,80.5940718
91006,31,Arcadia,19.4059282
91007,28,Arcadia,100
91008,31,Duarte,100
91010,31,Duarte,100
91011,28,La Canada Flintridge,99.75714008
91011,30,La Canada Flintridge,0.242859918
91016,28,Monrovia,8.558730766
91016,31,Monrovia,91.44126923
91020,28,Montrose,72.22419718
91020,30,Montrose,27.77580282
91024,28,Sierra Madre,100
91030,28,South Pasadena,100
91030,34,South Pasadena,0
91040,30,Sunland,100
91042,28,Tujunga,0.007133685
91042,29,Tujunga,0
91042,30,Tujunga,99.99286631
91046,30,Verdugo City,100
91101,28,Pasadena,100
91103,28,Pasadena,70.77026072
91103,30,Pasadena,29.22973928
91104,28,Pasadena,100
91105,28,Pasadena,91.49902661
91105,30,Pasadena,7.599682746
91105,34,Pasadena,0.901290648
91106,28,Pasadena,100
91107,28,Pasadena,100
91108,28,San Marino,100
91125,28,Pasadena,100
91201,30,Glendale,100
91202,30,Glendale,100
91203,30,Glendale,100
91204,30,Glendale,100
91205,30,Glendale,100
91206,30,Glendale,100
91206,34,Glendale,0
91207,30,Glendale,100
91208,30,Glendale,100
91210,30,Glendale,100
91214,28,La Crescenta,44.87249574
91214,30,La Crescenta,55.12750426
91301,26,Agoura Hills,91.76684147
91301,32,Agoura Hills,8.233158532
91302,26,Calabasas,81.98523638
91302,32,Calabasas,18.01476362
91303,32,Canoga Park,100
91304,26,Canoga Park,0.500133623
91304,32,Canoga Park,99.49986638
91306,32,Winnetka,100
91307,26,West Hills,0
91307,32,West Hills,100
91311,26,Chatsworth,0.912492951
91311,27,Chatsworth,4.35741016
91311,32,Chatsworth,94.73009689
91316,32,Encino,100
91320,26,Newbury Park,100
91321,27,Newhall,100
91321,29,Newhall,0
91324,32,Northridge,100
91325,29,Northridge,11.63120567
91325,32,Northridge,88.36879433
91326,27,Porter Ranch,66.07607581
91326,32,Porter Ranch,33.92392419
91330,32,Northridge,100
91331,29,Pacoima,99.83617951
91331,30,Pacoima,0.163820492
91335,29,Reseda,32.42009132
91335,32,Reseda,67.57990868
91340,29,San Fernando,100
91342,27,Sylmar,0.045629427
91342,29,Sylmar,97.84193552
91342,30,Sylmar,2.112435056
91343,29,North Hills,57.63239875
91343,32,North Hills,42.36760125
91344,27,Granada Hills,80.74731808
91344,32,Granada Hills,19.25268192
91345,29,Mission Hills,100
91350,27,Santa Clarita,100
91351,27,Canyon Country,100
91352,29,Sun Valley,83.92985573
91352,30,Sun Valley,16.07014427
91354,27,Valencia,100
91355,27,Valencia,100
91356,32,Tarzana,100
91360,26,Thousand Oaks,100
91361,26,Westlake Village,99.6742671
91361,32,Westlake Village,0.325732899
91362,26,Thousand Oaks,100
91364,32,Woodland Hills,100
91367,32,Woodland Hills,100
91371,32,Woodland Hills,100
91377,26,Oak Park,100
91381,27,Stevenson Ranch,100
91384,27,Castaic,100
91387,27,Canyon Country,99.84480535
91387,29,Canyon Country,0.155194649
91387,30,Canyon Country,0
91390,27,Santa Clarita,100
91390,29,Santa Clarita,0
91401,29,Van Nuys,74.60690038
91401,32,Van Nuys,25.39309962
91402,29,Panorama City,100
91403,32,Sherman Oaks,100
91405,29,Van Nuys,100
91406,29,Van Nuys,99.94554195
91406,32,Van Nuys,0.054458049
91411,29,Van Nuys,55.00720461
91411,32,Van Nuys,44.99279539
91423,32,Sherman Oaks,100
91436,32,Encino,100
91501,30,Burbank,100
91502,30,Burbank,100
91504,29,Burbank,1.990404078
91504,30,Burbank,98.00959592
91505,29,Burbank,1.581662599
91505,30,Burbank,98.4183374
91506,30,Burbank,100
91601,29,North Hollywood,100
91602,29,North Hollywood,74.7493256
91602,30,North Hollywood,0
91602,32,North Hollywood,25.2506744
91604,32,Studio City,100
91605,29,North Hollywood,100
91606,29,North Hollywood,100
91607,29,Valley Village,94.52167071
91607,32,Valley Village,5.47832929
91608,30,Universal City,100
91701,28,Rancho Cucamonga,35.30868018
91701,33,Rancho Cucamonga,64.69131982
91702,28,Azusa,0.030483892
91702,31,Azusa,99.96951611
91706,28,Baldwin Park,0
91706,31,Baldwin Park,100
91708,35,Chino,100
91709,35,Chino Hills,27.59327645
91709,40,Chino Hills,72.40672355
91710,35,Chino,100
91710,40,Chino,0
91711,28,Claremont,99.35732648
91711,35,Claremont,0.642673522
91722,31,Covina,100
91723,31,Covina,100
91724,31,Covina,100
91724,38,Covina,0
91730,28,Rancho Cucamonga,3.340446845
91730,33,Rancho Cucamonga,52.00992988
91730,35,Rancho Cucamonga,44.64962327
91731,28,El Monte,0
91731,31,El Monte,100
91732,31,El Monte,100
91733,28,South El Monte,0.026196714
91733,31,South El Monte,95.76804001
91733,38,South El Monte,4.205763277
91737,28,Rancho Cucamonga,88.37919245
91737,33,Rancho Cucamonga,11.62080755
91739,28,Rancho Cucamonga,1.160076395
91739,33,Rancho Cucamonga,84.92136474
91739,35,Rancho Cucamonga,13.91855886
91740,28,Glendora,0.34904669
91740,31,Glendora,99.65095331
91741,28,Glendora,38.14956109
91741,31,Glendora,61.85043891
91744,31,La Puente,100
91745,31,Hacienda Heights,0.202652911
91745,38,Hacienda Heights,99.79734709
91746,31,La Puente,99.92883527
91746,38,La Puente,0.071164729
91748,31,Rowland Heights,0.029058721
91748,38,Rowland Heights,99.97094128
91750,28,La Verne,2.417905081
91750,31,La Verne,97.58209492
91752,35,Mira Loma,30.30562031
91752,39,Mira Loma,69.69437969
91752,41,Mira Loma,0
91754,28,Monterey Park,100
91755,28,Monterey Park,100
91759,28,Mt Baldy,100
91761,35,Ontario,100
91762,35,Ontario,100
91763,35,Montclair,100
91764,35,Ontario,100
91765,38,Diamond Bar,100
91766,35,Pomona,96.78222373
91766,38,Pomona,3.217776269
91767,31,Pomona,0
91767,35,Pomona,100
91768,35,Pomona,99.93533513
91768,38,Pomona,0.064664867
91770,28,Rosemead,99.08861186
91770,31,Rosemead,0
91770,38,Rosemead,0.91138814
91773,28,San Dimas,0
91773,31,San Dimas,100
91773,35,San Dimas,0
91775,28,San Gabriel,100
91776,28,San Gabriel,100
91780,28,Temple City,95.10503203
91780,31,Temple City,4.894967973
91784,28,Upland,99.50220825
91784,35,Upland,0.497791751
91786,28,Upland,2.478345857
91786,35,Upland,97.52165414
91789,31,Walnut,0.038801989
91789,35,Walnut,1.6175579
91789,38,Walnut,98.34364011
91790,31,West Covina,100
91791,31,West Covina,100
91792,31,West Covina,100
91792,38,West Covina,0
91801,28,Alhambra,100
91803,28,Alhambra,100
91901,48,Alpine,100
91902,48,Bonita,2.77622612
91902,51,Bonita,0.435705508
91902,52,Bonita,96.78806837
91905,48,Boulevard,100
91906,48,Campo,100
91910,52,Chula Vista,100
91911,52,Chula Vista,100
91913,52,Chula Vista,100
91914,48,Chula Vista,0.062778222
91914,52,Chula Vista,99.93722178
91915,48,Chula Vista,0.021072912
91915,52,Chula Vista,99.97892709
91916,48,Descanso,100
91917,48,Dulzura,100
91931,48,Guatay,100
91932,50,Imperial Beach,0
91932,52,Imperial Beach,100
91934,48,Jacumba,100
91935,48,Jamul,100
91941,48,La Mesa,34.68653194
91941,51,La Mesa,65.31346806
91942,51,La Mesa,100
91945,51,Lemon Grove,100
91945,52,Lemon Grove,0
91948,48,Mount Laguna,100
91950,52,National City,100
91962,48,Pine Valley,100
91963,48,Potrero,100
91977,48,Spring Valley,10.41533021
91977,51,Spring Valley,89.58466979
91978,48,Spring Valley,4.693939089
91978,51,Spring Valley,95.30606091
91980,48,Tecate,100
92003,48,Bonsall,90.37858189
92003,49,Bonsall,9.621418113
92004,25,Borrego Springs,0.087873462
92004,48,Borrego Springs,99.91212654
92007,49,Cardiff By The Sea,100
92008,49,Carlsbad,100
92009,49,Carlsbad,100
92009,50,Carlsbad,0
92010,49,Carlsbad,100
92011,49,Carlsbad,100
92014,49,Del Mar,36.7567977
92014,50,Del Mar,63.2432023
92019,48,El Cajon,59.10703201
92019,51,El Cajon,40.89296799
92020,48,El Cajon,6.103814471
92020,51,El Cajon,93.89618553
92021,48,El Cajon,56.10619971
92021,51,El Cajon,43.89380029
92024,49,Encinitas,99.68743895
92024,50,Encinitas,0.312561047
92025,48,Escondido,11.3364091
92025,50,Escondido,88.6635909
92026,48,Escondido,93.45606758
92026,50,Escondido,6.54393242
92027,48,Escondido,63.93209008
92027,50,Escondido,36.06790992
92028,48,Fallbrook,95.04979269
92028,49,Fallbrook,4.950207308
92029,48,Escondido,0.26841213
92029,50,Escondido,99.73158787
92036,48,Julian,100
92037,50,La Jolla,100
92040,48,Lakeside,100
92054,49,Oceanside,100
92055,49,Camp Pendleton,100
92056,49,Oceanside,100
92057,49,Oceanside,100
92058,49,Oceanside,100
92059,48,Pala,100
92060,48,Palomar Mountain,100
92061,48,Pauma Valley,100
92064,48,Poway,100
92064,50,Poway,0
92065,48,Ramona,100
92065,50,Ramona,0
92066,48,Ranchita,100
92067,50,Rancho Santa Fe,100
92069,49,San Marcos,0
92069,50,San Marcos,100
92070,48,Santa Ysabel,100
92071,48,Santee,99.79056895
92071,51,Santee,0.209431046
92075,49,Solana Beach,99.9253174
92075,50,Solana Beach,0.074682599
92078,49,San Marcos,0.015282633
92078,50,San Marcos,99.98471737
92081,49,Vista,100
92082,48,Valley Center,100
92083,49,Vista,100
92084,48,Vista,1.52980517
92084,49,Vista,83.45047156
92084,50,Vista,15.01972327
92086,48,Warner Springs,100
92091,49,Rancho Santa Fe,0
92091,50,Rancho Santa Fe,100
92092,50,La Jolla,100
92093,50,La Jolla,100
92096,50,San Marcos,100
92101,50,San Diego,100
92101,52,San Diego,0
92102,50,San Diego,32.95126059
92102,52,San Diego,67.04873941
92103,50,San Diego,100
92104,50,San Diego,75.20162657
92104,51,San Diego,2.747091381
92104,52,San Diego,22.05128205
92105,50,San Diego,0
92105,51,San Diego,3.052013398
92105,52,San Diego,96.9479866
92106,50,San Diego,100
92107,50,San Diego,100
92108,50,San Diego,1.916261436
92108,51,San Diego,98.08373856
92109,50,San Diego,99.87687762
92109,51,San Diego,0.123122384
92110,50,San Diego,42.14120072
92110,51,San Diego,57.85879928
92111,51,San Diego,100
92113,50,San Diego,4.580137543
92113,52,San Diego,95.41986246
92114,52,San Diego,100
92115,51,San Diego,76.35990101
92115,52,San Diego,23.64009899
92116,50,San Diego,42.2865844
92116,51,San Diego,57.7134156
92117,51,San Diego,100
92118,50,Coronado,100
92118,52,Coronado,0
92119,51,San Diego,100
92120,51,San Diego,100
92121,50,San Diego,40.48948046
92121,51,San Diego,59.51051954
92122,50,San Diego,86.3624414
92122,51,San Diego,13.6375586
92123,51,San Diego,100
92124,51,San Diego,100
92126,51,San Diego,100
92127,50,San Diego,100
92128,50,San Diego,55.25130901
92128,51,San Diego,44.74869099
92129,50,San Diego,58.36878756
92129,51,San Diego,41.63121244
92130,50,San Diego,100
92131,48,San Diego,0
92131,51,San Diego,100
92132,50,San Diego,0
92134,50,San Diego,100
92135,50,San Diego,100
92136,52,San Diego,100
92139,52,San Diego,100
92140,50,San Diego,100
92145,51,San Diego,100
92147,50,San Diego,100
92154,48,San Diego,3.101384079
92154,52,San Diego,96.89861592
92155,50,San Diego,100
92161,50,San Diego,100
92173,52,San Ysidro,100
92179,52,San Diego,100
92182,51,San Diego,100
92201,25,Indio,99.74622699
92201,41,Indio,0.253773008
92203,25,Indio,100
92203,41,Indio,0
92210,41,Indian Wells,100
92211,25,Palm Desert,25.46680301
92211,41,Palm Desert,74.53319699
92220,25,Banning,99.99392964
92220,41,Banning,0.006070355
92222,25,Bard,100
92223,25,Beaumont,88.81583339
92223,41,Beaumont,11.18416661
92225,25,Blythe,100
92227,25,Brawley,100
92230,25,Cabazon,100
92231,25,Calexico,100
92233,25,Calipatria,100
92234,25,Cathedral City,99.96893747
92234,41,Cathedral City,0.031062533
92236,25,Coachella,100
92239,25,Desert Center,100
92240,25,Desert Hot Springs,100
92241,25,Desert Hot Springs,100
92242,25,Earp,100
92243,25,El Centro,100
92249,25,Heber,100
92250,25,Holtville,100
92251,25,Imperial,100
92252,23,Joshua Tree,100
92253,25,La Quinta,0.090855646
92253,41,La Quinta,99.90914435
92254,25,Mecca,100
92256,23,Morongo Valley,100
92257,25,Niland,100
92258,25,North Palm Springs,96.27831715
92258,41,North Palm Springs,3.721682848
92259,25,Ocotillo,100
92260,41,Palm Desert,100
92262,25,Palm Springs,4.204113865
92262,41,Palm Springs,95.79588614
92264,25,Palm Springs,0
92264,41,Palm Springs,100
92266,25,Palo Verde,100
92267,25,Parker Dam,100
92268,23,Pioneertown,100
92270,25,Rancho Mirage,0
92270,41,Rancho Mirage,100
92273,25,Seeley,100
92274,25,Thermal,100
92274,41,Thermal,0
92275,25,Salton City,100
92276,25,Thousand Palms,100
92276,41,Thousand Palms,0
92277,23,Twentynine Palms,99.983325
92277,25,Twentynine Palms,0.016675004
92278,23,Twentynine Palms,100
92280,25,Vidal,100
92281,25,Westmorland,100
92282,25,Whitewater,99.77777778
92282,41,Whitewater,0.222222222
92283,25,Winterhaven,100
92284,23,Yucca Valley,100
92285,23,Landers,100
92301,23,Adelanto,100
92304,23,Amboy,100
92305,23,Angelus Oaks,100
92307,23,Apple Valley,100
92308,23,Apple Valley,100
92309,23,Baker,100
92310,23,Fort Irwin,100
92311,23,Barstow,100
92313,33,Grand Terrace,100
92314,23,Big Bear City,100
92315,23,Big Bear Lake,100
92316,33,Bloomington,94.06922417
92316,35,Bloomington,5.930775832
92317,23,Blue Jay,100
92320,23,Calimesa,0.318852132
92320,41,Calimesa,99.68114787
92321,23,Cedar Glen,100
92322,23,Cedarpines Park,100
92324,23,Colton,8.22160816
92324,33,Colton,90.00443489
92324,39,Colton,1.255415686
92324,41,Colton,0.518541262
92325,23,Crestline,100
92327,23,Daggett,100
92328,3,Death Valley,100
92332,23,Essex,100
92332,25,Essex,0
92333,23,Fawnskin,100
92335,33,Fontana,4.350706485
92335,35,Fontana,95.64929351
92336,28,Fontana,0.040757898
92336,33,Fontana,99.9592421
92337,35,Fontana,100
92338,23,Ludlow,0
92339,23,Forest Falls,100
92339,25,Forest Falls,0
92341,23,Green Valley Lake,100
92342,23,Helendale,100
92344,23,Hesperia,100
92345,23,Hesperia,100
92346,23,Highland,7.652390507
92346,33,Highland,92.34760949
92347,23,Hinkley,100
92350,23,Loma Linda,100
92352,23,Lake Arrowhead,100
92354,23,Loma Linda,93.40139662
92354,33,Loma Linda,6.598603377
92356,23,Lucerne Valley,100
92358,28,Lytle Creek,100
92359,23,Mentone,18.06741573
92359,33,Mentone,81.93258427
92363,25,Needles,100
92364,23,Nipton,100
92365,23,Newberry Springs,100
92368,23,Oro Grande,100
92369,33,Patton,100
92371,23,Phelan,97.46711533
92371,28,Phelan,2.532884674
92372,23,Pinon Hills,100
92373,23,Redlands,98.90234242
92373,41,Redlands,1.097657576
92374,23,Redlands,15.57574506
92374,33,Redlands,84.42425494
92376,33,Rialto,100
92377,33,Rialto,100
92378,23,Rimforest,100
92382,23,Running Springs,100
92384,3,Shoshone,100
92385,23,Skyforest,100
92386,23,Sugarloaf,100
92389,3,Tecopa,100
92391,23,Twin Peaks,100
92392,23,Victorville,100
92394,23,Victorville,100
92395,23,Victorville,100
92397,23,Wrightwood,9.717411121
92397,28,Wrightwood,90.28258888
92398,23,Yermo,100
92399,23,Yucaipa,98.80453095
92399,41,Yucaipa,1.195469047
92401,33,San Bernardino,100
92404,23,San Bernardino,3.223899175
92404,33,San Bernardino,96.77610082
92405,33,San Bernardino,100
92407,23,San Bernardino,7.094405285
92407,28,San Bernardino,0.191700829
92407,33,San Bernardino,92.71389389
92408,33,San Bernardino,100
92410,33,San Bernardino,100
92411,33,San Bernardino,100
92415,33,San Bernardino,100
92501,39,Riverside,100
92503,39,Riverside,80.61014765
92503,41,Riverside,19.38985235
92504,39,Riverside,83.79451704
92504,41,Riverside,16.20548296
92505,39,Riverside,85.79508631
92505,41,Riverside,14.20491369
92506,39,Riverside,97.16498838
92506,41,Riverside,2.835011619
92507,39,Riverside,100
92508,39,Riverside,86.63278272
92508,41,Riverside,13.36721728
92509,33,Jurupa Valley,0.031983215
92509,39,Jurupa Valley,99.96801678
92518,39,March Air Reserve Base,100
92521,39,Riverside,100
92530,40,Lake Elsinore,0.006768419
92530,41,Lake Elsinore,99.76141325
92530,48,Lake Elsinore,0.231818336
92532,41,Lake Elsinore,100
92536,25,Aguanga,9.339042012
92536,41,Aguanga,5.726518598
92536,48,Aguanga,84.93443939
92539,25,Anza,25.2919855
92539,41,Anza,63.29037455
92539,48,Anza,11.41763995
92543,25,Hemet,98.45891717
92543,41,Hemet,1.541082827
92544,25,Hemet,92.61303418
92544,41,Hemet,7.194992701
92544,48,Hemet,0.191973124
92545,25,Hemet,93.02051189
92545,41,Hemet,6.97948811
92548,41,Homeland,100
92549,25,Idyllwild,0.590458196
92549,41,Idyllwild,99.4095418
92551,39,Moreno Valley,100
92553,39,Moreno Valley,100
92555,25,Moreno Valley,0
92555,39,Moreno Valley,99.71317118
92555,41,Moreno Valley,0.286828821
92557,39,Moreno Valley,100
92557,41,Moreno Valley,0
92561,25,Mountain Center,11.4684466
92561,41,Mountain Center,88.5315534
92562,41,Murrieta,0.059125564
92562,48,Murrieta,99.91442353
92562,49,Murrieta,0.02645091
92563,41,Murrieta,14.87353873
92563,48,Murrieta,85.12646127
92567,25,Nuevo,0.123342584
92567,39,Nuevo,0
92567,41,Nuevo,99.87665742
92570,39,Perris,89.04346353
92570,41,Perris,10.95653647
92571,39,Perris,99.99327166
92571,41,Perris,0.006728343
92582,25,San Jacinto,99.79207032
92582,41,San Jacinto,0.207929682
92583,25,San Jacinto,98.74257369
92583,41,San Jacinto,1.257426314
92584,41,Menifee,100
92585,39,Menifee,0.156708322
92585,41,Menifee,99.84329168
92586,39,Menifee,0
92586,41,Menifee,100
92587,39,Menifee,0.102686976
92587,41,Menifee,99.89731302
92590,48,Temecula,100
92591,48,Temecula,100
92592,41,Temecula,0.605718585
92592,48,Temecula,99.39428141
92595,41,Wildomar,100
92596,25,Winchester,8.809240372
92596,41,Winchester,90.85936746
92596,48,Winchester,0.331392169
92602,40,Irvine,0
92602,47,Irvine,100
92603,47,Irvine,100
92604,47,Irvine,100
92606,40,Irvine,0
92606,47,Irvine,100
92610,40,Foothill Ranch,100
92612,47,Irvine,100
92614,47,Irvine,100
92617,47,Irvine,100
92618,40,Irvine,0.006957974
92618,47,Irvine,99.99304203
92620,47,Irvine,100
92624,49,Capistrano Beach,100
92625,47,Corona Del Mar,100
92626,46,Costa Mesa,0.025547804
92626,47,Costa Mesa,99.9744522
92627,47,Costa Mesa,100
92629,47,Dana Point,0
92629,49,Dana Point,100
92630,40,Lake Forest,100
92630,47,Lake Forest,0
92637,40,Laguna Woods,95.31285423
92637,47,Laguna Woods,4.687145772
92646,47,Huntington Beach,100
92647,45,Huntington Beach,0
92647,47,Huntington Beach,100
92648,47,Huntington Beach,100
92649,47,Huntington Beach,100
92651,40,Laguna Beach,0
92651,47,Laguna Beach,96.48904382
92651,49,Laguna Beach,3.510956175
92653,40,Laguna Hills,82.55810087
92653,47,Laguna Hills,17.44189913
92653,49,Laguna Hills,0
92655,45,Midway City,100
92656,40,Aliso Viejo,100
92656,47,Aliso Viejo,0
92656,49,Aliso Viejo,0
92657,47,Newport Coast,100
92660,47,Newport Beach,100
92661,47,Newport Beach,100
92662,47,Newport Beach,100
92663,47,Newport Beach,100
92672,49,San Clemente,100
92673,49,San Clemente,100
92675,40,San Juan Capistrano,0
92675,49,San Juan Capistrano,100
92676,40,Silverado,100
92676,47,Silverado,0
92677,40,Laguna Niguel,0
92677,47,Laguna Niguel,0
92677,49,Laguna Niguel,100
92678,40,Trabuco Canyon,100
92679,40,Trabuco Canyon,100
92683,45,Westminster,99.90323928
92683,47,Westminster,0.096760715
92688,40,Rancho Santa Margarita,86.58476549
92688,49,Rancho Santa Margarita,13.41523451
92691,40,Mission Viejo,100
92692,40,Mission Viejo,100
92694,49,Ladera Ranch,100
92697,47,Irvine,0
92701,46,Santa Ana,100
92703,45,Santa Ana,0.595845842
92703,46,Santa Ana,99.40415416
92704,45,Santa Ana,1.493221955
92704,46,Santa Ana,98.47418549
92704,47,Santa Ana,0.032592557
92705,40,Santa Ana,50.72328003
92705,46,Santa Ana,49.27671997
92706,46,Santa Ana,100
92707,46,Santa Ana,100
92707,47,Santa Ana,0
92708,45,Fountain Valley,100
92780,40,Tustin,100
92780,46,Tustin,0
92782,40,Tustin,100
92782,47,Tustin,0
92801,45,Anaheim,0
92801,46,Anaheim,100
92802,45,Anaheim,0.393663215
92802,46,Anaheim,99.60633678
92804,45,Anaheim,0.793014966
92804,46,Anaheim,99.20698503
92805,46,Anaheim,100
92806,40,Anaheim,8.049398509
92806,45,Anaheim,0
92806,46,Anaheim,91.95060149
92807,40,Anaheim,95.71850001
92807,45,Anaheim,0
92807,46,Anaheim,4.281499987
92808,40,Anaheim,100
92821,40,Brea,13.17043668
92821,45,Brea,86.82956332
92823,40,Brea,83.22795341
92823,45,Brea,16.77204659
92831,45,Fullerton,76.89266552
92831,46,Fullerton,23.10733448
92832,45,Fullerton,15.43935761
92832,46,Fullerton,84.56064239
92833,45,Fullerton,44.12525191
92833,46,Fullerton,55.87474809
92835,38,Fullerton,0
92835,45,Fullerton,100
92840,45,Garden Grove,100
92841,45,Garden Grove,88.88177798
92841,46,Garden Grove,11.11822202
92843,45,Garden Grove,100
92844,45,Garden Grove,100
92844,46,Garden Grove,0
92845,45,Garden Grove,100
92860,39,Norco,0.022747953
92860,41,Norco,99.97725205
92861,40,Villa Park,100
92865,40,Orange,32.99774678
92865,46,Orange,67.00225322
92866,40,Orange,74.61562598
92866,46,Orange,25.38437402
92867,40,Orange,91.29476707
92867,46,Orange,8.705232933
92868,45,Orange,1.231245622
92868,46,Orange,98.76875438
92869,40,Orange,100
92870,40,Placentia,0.020853476
92870,45,Placentia,99.97914652
92879,39,Corona,14.68577355
92879,41,Corona,85.31422645
92880,35,Corona,50.23153984
92880,40,Corona,3.459165395
92880,41,Corona,46.30929477
92881,41,Corona,100
92882,40,Corona,12.22935753
92882,41,Corona,87.77064247
92883,41,Corona,100
92886,40,Yorba Linda,98.7900242
92886,45,Yorba Linda,1.2099758
92887,40,Yorba Linda,100
93001,24,Ventura,93.45225789
93001,26,Ventura,6.547742107
93003,24,Ventura,99.93077258
93003,26,Ventura,0.069227422
93004,24,Ventura,87.02022416
93004,26,Ventura,12.97977584
93010,26,Camarillo,100
93012,26,Camarillo,100
93013,24,Carpinteria,99.99386465
93013,26,Carpinteria,0.006135346
93015,26,Fillmore,100
93021,26,Moorpark,100
93022,24,Oak View,100
93023,24,Ojai,88.29345178
93023,26,Ojai,11.70654822
93030,26,Oxnard,100
93033,26,Oxnard,100
93035,26,Oxnard,100
93036,26,Oxnard,100
93040,26,Piru,100
93041,26,Port Hueneme,100
93042,24,Point Mugu Nawc,0
93042,26,Point Mugu Nawc,100
93043,26,Port Hueneme Cbc Base,100
93060,24,Santa Paula,0.540476683
93060,26,Santa Paula,99.45952332
93063,26,Simi Valley,100
93064,26,Brandeis,100
93065,26,Simi Valley,100
93066,26,Somis,100
93067,24,Summerland,100
93101,24,Santa Barbara,100
93103,24,Santa Barbara,100
93105,24,Santa Barbara,100
93106,24,Santa Barbara,100
93108,24,Santa Barbara,100
93109,24,Santa Barbara,100
93110,24,Santa Barbara,100
93111,24,Santa Barbara,100
93117,24,Goleta,100
93201,22,Alpaugh,100
93202,22,Armona,100
93203,20,Arvin,0.861529576
93203,22,Arvin,99.13847042
93204,22,Avenal,100
93205,20,Bodfish,100
93206,20,Buttonwillow,1.391752577
93206,22,Buttonwillow,98.60824742
93207,20,California Hot Springs,100
93208,20,Camp Nelson,100
93210,13,Coalinga,99.53716162
93210,18,Coalinga,0.462838383
93212,22,Corcoran,100
93215,22,Delano,100
93218,22,Ducor,100
93219,22,Earlimart,100
93220,20,Edison,17.75700935
93220,22,Edison,82.24299065
93221,20,Exeter,3.607561235
93221,21,Exeter,96.39243876
93222,20,Pine Mountain Club,100
93223,21,Farmersville,100
93224,20,Fellows,100
93225,20,Frazier Park,93.82198953
93225,26,Frazier Park,6.178010471
93226,20,Glennville,100
93227,21,Goshen,100
93230,20,Hanford,33.23685903
93230,21,Hanford,0.030696369
93230,22,Hanford,66.7324446
93234,13,Huron,100
93235,21,Ivanhoe,100
93237,20,Kaweah,100
93238,20,Kernville,100
93239,22,Kettleman City,100
93240,20,Lake Isabella,100
93241,22,Lamont,100
93242,13,Laton,91.34396355
93242,20,Laton,8.656036446
93243,20,Lebec,93.57864358
93243,27,Lebec,6.421356421
93244,20,Lemon Cove,33.18777293
93244,21,Lemon Cove,66.81222707
93245,20,Lemoore,97.01143383
93245,22,Lemoore,2.988566172
93246,20,Lemoore,100
93247,20,Lindsay,13.3003844
93247,22,Lindsay,86.6996156
93249,22,Lost Hills,100
93250,22,Mc Farland,100
93251,20,Mc Kittrick,55.6
93251,22,Mc Kittrick,44.4
93252,20,Maricopa,81.45430287
93252,24,Maricopa,11.60773849
93252,26,Maricopa,6.937958639
93254,24,New Cuyama,100
93255,20,Onyx,100
93256,22,Pixley,100
93257,20,Porterville,2.684462542
93257,22,Porterville,97.31553746
93258,22,Porterville,100
93260,20,Posey,100
93261,22,Richgrove,100
93262,20,Sequoia National Park,100
93263,22,Shafter,100
93265,20,Springville,100
93266,22,Stratford,100
93267,20,Strathmore,3.726099036
93267,22,Strathmore,96.27390096
93268,20,Taft,100
93270,22,Terra Bella,100
93271,20,Three Rivers,100
93272,22,Tipton,100
93274,20,Tulare,24.6327698
93274,22,Tulare,75.3672302
93276,20,Tupman,100
93277,20,Visalia,93.39236033
93277,21,Visalia,6.515527483
93277,22,Visalia,0.092112189
93280,22,Wasco,100
93283,20,Weldon,100
93285,20,Wofford Heights,100
93286,20,Woodlake,8.032871084
93286,21,Woodlake,91.96712892
93287,20,Woody,91.85520362
93287,22,Woody,8.14479638
93291,20,Visalia,15.25897169
93291,21,Visalia,84.74102831
93292,20,Visalia,48.62406501
93292,21,Visalia,51.37593499
93301,20,Bakersfield,32.5251412
93301,22,Bakersfield,67.4748588
93304,20,Bakersfield,0.027538997
93304,22,Bakersfield,99.972461
93305,22,Bakersfield,100
93306,20,Bakersfield,21.22267933
93306,22,Bakersfield,78.77732067
93307,20,Bakersfield,0.049808689
93307,22,Bakersfield,99.95019131
93308,20,Bakersfield,89.00904759
93308,22,Bakersfield,10.99095241
93309,20,Bakersfield,35.34930172
93309,22,Bakersfield,64.65069828
93311,20,Bakersfield,100
93312,20,Bakersfield,100
93313,20,Bakersfield,16.86156167
93313,22,Bakersfield,83.13843833
93314,20,Bakersfield,94.20565752
93314,22,Bakersfield,5.794342485
93401,24,San Luis Obispo,100
93402,24,Los Osos,100
93405,24,San Luis Obispo,100
93407,24,San Luis Obispo,100
93408,24,San Luis Obispo,0
93409,24,San Luis Obispo,100
93410,24,San Luis Obispo,100
93420,24,Arroyo Grande,100
93422,19,Atascadero,93.95599407
93422,24,Atascadero,6.044005932
93424,24,Avila Beach,100
93426,18,Bradley,62.6984127
93426,19,Bradley,37.3015873
93427,24,Buellton,100
93428,19,Cambria,100
93429,24,Casmalia,100
93430,19,Cayucos,6.493506494
93430,24,Cayucos,93.50649351
93432,19,Creston,67.46166951
93432,24,Creston,32.53833049
93433,24,Grover Beach,100
93434,24,Guadalupe,100
93436,24,Lompoc,100
93437,24,Lompoc,100
93440,24,Los Alamos,100
93441,24,Los Olivos,100
93442,24,Morro Bay,100
93444,24,Nipomo,100
93445,24,Oceano,100
93446,19,Paso Robles,100
93449,24,Pismo Beach,100
93450,18,San Ardo,100
93451,18,San Miguel,12.13692946
93451,19,San Miguel,87.86307054
93452,19,San Simeon,100
93453,19,Santa Margarita,0.853858785
93453,24,Santa Margarita,99.14614122
93454,24,Santa Maria,100
93455,24,Santa Maria,100
93458,24,Santa Maria,100
93460,24,Santa Ynez,100
93461,19,Shandon,99.13506321
93461,22,Shandon,0.864936793
93463,24,Solvang,100
93465,19,Templeton,100
93465,24,Templeton,0
93501,20,Mojave,82.36313236
93501,23,Mojave,17.63686764
93505,23,California City,100
93510,27,Acton,99.88143855
93510,30,Acton,0.118561454
93512,3,Benton,100
93513,3,Big Pine,100
93514,3,Bishop,100
93516,20,Boron,0.094607379
93516,23,Boron,99.90539262
93517,3,Bridgeport,100
93518,20,Caliente,100
93519,20,Cantil,4.6875
93519,23,Cantil,95.3125
93522,3,Darwin,100
93523,20,Edwards,68.05344671
93523,23,Edwards,31.94655329
93524,20,Edwards,100
93526,3,Independence,100
93527,3,Inyokern,0.475161987
93527,20,Inyokern,99.52483801
93528,23,Johannesburg,100
93529,3,June Lake,100
93530,3,Keeler,100
93531,20,Keene,100
93532,27,Lake Hughes,100
93534,27,Lancaster,100
93535,23,Lancaster,9.122448234
93535,27,Lancaster,90.87755177
93536,20,Lancaster,0.037693685
93536,27,Lancaster,99.96230632
93541,3,Lee Vining,100
93543,23,Littlerock,0.714690065
93543,27,Littlerock,99.21454854
93543,28,Littlerock,0.070761393
93544,23,Llano,100
93544,28,Llano,0
93545,3,Lone Pine,100
93546,3,Mammoth Lakes,100
93549,3,Olancha,100
93550,27,Palmdale,99.96601076
93550,28,Palmdale,0.033989245
93550,30,Palmdale,0
93550,31,Palmdale,0
93551,27,Palmdale,100
93552,27,Palmdale,100
93553,23,Pearblossom,64.86205102
93553,27,Pearblossom,31.33784487
93553,28,Pearblossom,3.800104112
93554,20,Randsburg,0
93554,23,Randsburg,100
93555,20,Ridgecrest,99.38433404
93555,23,Ridgecrest,0.615665956
93558,23,Red Mountain,100
93560,20,Rosamond,99.6663732
93560,27,Rosamond,0.333626801
93561,20,Tehachapi,100
93562,23,Trona,100
93563,23,Valyermo,13.28671329
93563,28,Valyermo,86.71328671
93581,20,Tehachapi,100
93591,23,Palmdale,90.22818792
93591,27,Palmdale,9.771812081
93601,5,Ahwahnee,100
93602,5,Auberry,59.52380952
93602,20,Auberry,40.47619048
93603,20,Badger,100
93603,21,Badger,0
93604,5,Bass Lake,100
93605,5,Big Creek,100
93606,13,Biola,100
93608,13,Cantua Creek,100
93609,13,Caruthers,100
93610,5,Chowchilla,0.603545832
93610,13,Chowchilla,99.39645417
93611,5,Clovis,0.246593397
93611,20,Clovis,99.7534066
93612,20,Clovis,100
93614,5,Coarsegold,100
93615,21,Cutler,100
93616,20,Del Rey,0.494382022
93616,21,Del Rey,99.50561798
93618,21,Dinuba,100
93619,5,Clovis,1.435081548
93619,20,Clovis,98.56491845
93620,13,Dos Palos,100
93621,5,Dunlap,1.153846154
93621,20,Dunlap,98.84615385
93622,13,Firebaugh,100
93623,5,Fish Camp,100
93624,13,Five Points,100
93625,21,Fowler,100
93626,5,Friant,13.93058161
93626,20,Friant,86.06941839
93627,13,Helm,100
93628,5,Hume,100
93630,13,Kerman,100
93631,13,Kingsburg,0.706524966
93631,20,Kingsburg,3.823546874
93631,21,Kingsburg,95.46992816
93633,20,Kings Canyon National Pk,100
93634,5,Lakeshore,100
93635,13,Los Banos,100
93636,5,Madera,22.5935447
93636,13,Madera,77.4064553
93637,13,Madera,100
93638,5,Madera,0.55179431
93638,13,Madera,99.44820569
93640,13,Mendota,100
93641,5,Miramonte,32.36797274
93641,20,Miramonte,67.63202726
93643,5,North Fork,100
93644,5,Oakhurst,100
93645,5,O Neals,100
93646,20,Orange Cove,0.057186428
93646,21,Orange Cove,99.94281357
93647,20,Orosi,1.767926052
93647,21,Orosi,98.23207395
93648,21,Parlier,100
93650,5,Fresno,100
93651,20,Prather,100
93652,13,Raisin City,100
93653,5,Raymond,100
93654,20,Reedley,0.695623775
93654,21,Reedley,99.30437622
93656,13,Riverdale,93.89998452
93656,20,Riverdale,6.100015482
93657,20,Sanger,23.50523169
93657,21,Sanger,76.49476831
93660,13,San Joaquin,100
93662,13,Selma,2.170663547
93662,21,Selma,97.82933645
93664,5,Shaver Lake,100
93665,13,South Dos Palos,100
93666,21,Sultana,100
93667,5,Tollhouse,62.90322581
93667,20,Tollhouse,37.09677419
93668,13,Tranquillity,100
93669,5,Wishon,100
93670,21,Yettem,100
93673,21,Traver,100
93675,20,Squaw Valley,100
93701,21,Fresno,100
93702,21,Fresno,100
93703,21,Fresno,100
93704,5,Fresno,35.51954642
93704,21,Fresno,64.48045358
93705,5,Fresno,0.970491803
93705,21,Fresno,99.0295082
93706,13,Fresno,9.491028927
93706,21,Fresno,90.50897107
93710,5,Fresno,17.85480492
93710,20,Fresno,44.10840534
93710,21,Fresno,38.03678974
93711,5,Fresno,77.36999024
93711,21,Fresno,22.63000976
93720,5,Fresno,100
93721,21,Fresno,100
93722,5,Fresno,7.120782015
93722,21,Fresno,92.87921798
93723,13,Fresno,6.837251807
93723,21,Fresno,93.16274819
93725,13,Fresno,2.985245776
93725,20,Fresno,0.749178197
93725,21,Fresno,96.26557603
93726,20,Fresno,17.09861682
93726,21,Fresno,82.90138318
93727,20,Fresno,21.72282844
93727,21,Fresno,78.27717156
93728,21,Fresno,100
93730,5,Fresno,100
93737,20,Fresno,100
93740,20,Fresno,100
93741,21,Fresno,100
93901,18,Salinas,99.91919192
93901,19,Salinas,0.080808081
93905,18,Salinas,100
93906,18,Salinas,100
93907,18,Salinas,43.06240618
93907,19,Salinas,56.93759382
93908,18,Salinas,14.60418562
93908,19,Salinas,85.39581438
93920,19,Big Sur,100
93921,19,Carmel By The Sea,100
93923,19,Carmel,100
93924,18,Carmel Valley,1.34664851
93924,19,Carmel Valley,98.65335149
93925,18,Chualar,100
93926,18,Gonzales,100
93927,18,Greenfield,100
93928,18,Jolon,100
93930,18,King City,100
93932,18,Lockwood,100
93933,19,Marina,100
93940,19,Monterey,100
93943,19,Monterey,100
93944,19,Monterey,100
93950,19,Pacific Grove,100
93953,19,Pebble Beach,100
93954,18,San Lucas,100
93955,19,Seaside,100
93960,18,Soledad,100
93962,19,Spreckels,100
94002,15,Belmont,100
94005,15,Brisbane,100
94010,15,Burlingame,99.96821433
94010,16,Burlingame,0.031785674
94014,15,Daly City,100
94015,15,Daly City,100
94018,16,El Granada,100
94019,16,Half Moon Bay,100
94020,16,La Honda,100
94021,16,Loma Mar,100
94022,16,Los Altos,100
94024,16,Los Altos,97.95383227
94024,17,Los Altos,2.046167734
94025,15,Menlo Park,33.2412523
94025,16,Menlo Park,66.7587477
94027,15,Atherton,2.72352132
94027,16,Atherton,97.27647868
94028,16,Portola Valley,100
94030,15,Millbrae,100
94037,16,Montara,100
94038,16,Moss Beach,100
94040,16,Mountain View,100
94041,16,Mountain View,100
94043,16,Mountain View,100
94043,17,Mountain View,0
94044,15,Pacifica,0
94044,16,Pacifica,100
94060,16,Pescadero,100
94061,15,Redwood City,90.72035745
94061,16,Redwood City,9.279642546
94062,15,Redwood City,72.7340852
94062,16,Redwood City,27.2659148
94063,15,Redwood City,100
94063,16,Redwood City,0
94065,15,Redwood City,100
94066,15,San Bruno,100
94070,15,San Carlos,100
94070,16,San Carlos,0
94074,16,San Gregorio,100
94080,15,South San Francisco,100
94085,16,Sunnyvale,0
94085,17,Sunnyvale,100
94086,17,Sunnyvale,100
94087,17,Sunnyvale,100
94089,17,Sunnyvale,100
94102,11,San Francisco,100
94103,11,San Francisco,100
94104,11,San Francisco,100
94105,11,San Francisco,100
94107,11,San Francisco,100
94108,11,San Francisco,100
94109,11,San Francisco,100
94110,11,San Francisco,100
94111,11,San Francisco,100
94112,11,San Francisco,13.3910785
94112,15,San Francisco,86.6089215
94114,11,San Francisco,100
94115,11,San Francisco,100
94116,11,San Francisco,100
94117,11,San Francisco,100
94118,11,San Francisco,100
94121,11,San Francisco,100
94122,11,San Francisco,100
94123,11,San Francisco,100
94124,11,San Francisco,100
94124,15,San Francisco,0
94127,11,San Francisco,100
94128,15,San Francisco,100
94129,11,San Francisco,100
94130,11,San Francisco,100
94131,11,San Francisco,100
94132,11,San Francisco,79.47552574
94132,15,San Francisco,20.52447426
94133,11,San Francisco,100
94134,11,San Francisco,3.129871687
94134,15,San Francisco,96.87012831
94158,11,San Francisco,100
94188,11,San Francisco,100
94301,16,Palo Alto,100
94303,15,Palo Alto,62.25844535
94303,16,Palo Alto,37.74155465
94304,16,Palo Alto,100
94305,16,Stanford,100
94306,16,Palo Alto,100
94401,15,San Mateo,100
94402,15,San Mateo,100
94402,16,San Mateo,0
94403,15,San Mateo,100
94404,15,San Mateo,100
94501,12,Alameda,100
94502,12,Alameda,100
94503,4,American Canyon,99.6510943
94503,8,American Canyon,0.348905705
94505,9,Discovery Bay,99.44966008
94505,10,Discovery Bay,0.103593396
94505,14,Discovery Bay,0.44674652
94506,10,Danville,100
94507,10,Alamo,100
94508,4,Angwin,100
94509,8,Antioch,90.06592212
94509,10,Antioch,9.934077877
94510,8,Benicia,100
94511,10,Bethel Island,100
94512,4,Birds Landing,100
94512,8,Birds Landing,0
94513,9,Brentwood,1.716770039
94513,10,Brentwood,98.28322996
94514,9,Byron,88.06089744
94514,10,Byron,7.051282051
94514,14,Byron,4.887820513
94515,2,Calistoga,6.218905473
94515,4,Calistoga,93.78109453
94516,10,Canyon,100
94517,10,Clayton,100
94518,10,Concord,100
94519,10,Concord,100
94520,8,Concord,0
94520,10,Concord,100
94521,10,Concord,100
94523,10,Pleasant Hill,100
94525,8,Crockett,100
94526,10,Danville,100
94528,10,Diablo,100
94530,8,El Cerrito,100
94531,10,Antioch,100
94533,4,Fairfield,0.007753942
94533,8,Fairfield,99.99224606
94534,4,Fairfield,0.075657273
94534,8,Fairfield,99.92434273
94535,8,Travis Afb,100
94536,14,Fremont,100
94536,17,Fremont,0
94538,14,Fremont,60.40738287
94538,17,Fremont,39.59261713
94539,14,Fremont,36.08817977
94539,17,Fremont,63.91182023
94541,14,Hayward,100
94542,14,Hayward,100
94544,14,Hayward,100
94545,14,Hayward,100
94546,14,Castro Valley,100
94547,8,Hercules,100
94548,10,Knightsen,100
94549,10,Lafayette,100
94550,14,Livermore,99.76180468
94550,18,Livermore,0.23819532
94551,10,Livermore,0.616978046
94551,14,Livermore,99.38302195
94552,14,Castro Valley,100
94553,8,Martinez,12.45879894
94553,10,Martinez,87.54120106
94555,14,Fremont,99.97560116
94555,17,Fremont,0.02439884
94556,10,Moraga,100
94558,4,Napa,100
94559,4,Napa,100
94560,17,Newark,100
94561,8,Oakley,0
94561,10,Oakley,100
94562,4,Oakville,100
94563,8,Orinda,0.087197374
94563,10,Orinda,99.91280263
94564,8,Pinole,100
94565,8,Pittsburg,99.97707816
94565,10,Pittsburg,0.022921837
94566,14,Pleasanton,100
94567,4,Pope Valley,100
94568,10,Dublin,77.17178675
94568,14,Dublin,22.82821325
94569,8,Port Costa,100
94571,4,Rio Vista,97.99789252
94571,7,Rio Vista,2.002107482
94572,8,Rodeo,100
94573,4,Rutherford,100
94574,2,Saint Helena,0.204400625
94574,4,Saint Helena,99.79559937
94575,10,Moraga,100
94576,4,Deer Park,100
94577,12,San Leandro,94.74093476
94577,14,San Leandro,5.259065237
94578,12,San Leandro,29.57980321
94578,14,San Leandro,70.42019679
94579,12,San Leandro,56.89331931
94579,14,San Leandro,43.10668069
94580,14,San Lorenzo,100
94582,10,San Ramon,100
94583,10,San Ramon,100
94585,4,Suisun City,0.480446177
94585,8,Suisun City,99.51955382
94586,14,Sunol,100
94587,14,Union City,100
94588,10,Pleasanton,1.307764163
94588,14,Pleasanton,98.69223584
94589,8,Vallejo,100
94590,8,Vallejo,100
94591,4,Vallejo,0.001776041
94591,8,Vallejo,99.99822396
94592,8,Vallejo,100
94595,10,Walnut Creek,100
94596,10,Walnut Creek,100
94597,10,Walnut Creek,100
94598,10,Walnut Creek,100
94599,4,Yountville,100
94601,12,Oakland,100
94602,12,Oakland,100
94602,14,Oakland,0
94603,12,Oakland,100
94605,12,Oakland,100
94606,12,Oakland,100
94607,12,Oakland,100
94608,12,Emeryville,100
94609,12,Oakland,100
94610,12,Oakland,100
94611,10,Oakland,0.042223436
94611,12,Oakland,99.95777656
94612,12,Oakland,100
94613,12,Oakland,100
94618,12,Oakland,100
94619,10,Oakland,0
94619,12,Oakland,99.81501588
94619,14,Oakland,0.184984115
94621,12,Oakland,100
94702,12,Berkeley,100
94703,12,Berkeley,100
94704,12,Berkeley,100
94705,12,Berkeley,100
94706,8,Albany,0.132487934
94706,12,Albany,99.86751207
94707,8,Berkeley,24.60683828
94707,12,Berkeley,75.39316172
94708,8,Berkeley,19.51873972
94708,12,Berkeley,80.48126028
94709,12,Berkeley,100
94710,12,Berkeley,100
94720,12,Berkeley,100
94801,8,Richmond,100
94803,8,El Sobrante,100
94804,8,Richmond,100
94805,8,Richmond,100
94806,8,San Pablo,100
94901,2,San Rafael,100
94903,2,San Rafael,100
94904,2,Greenbrae,100
94920,2,Belvedere Tiburon,100
94922,2,Bodega,100
94923,2,Bodega Bay,100
94924,2,Bolinas,100
94925,2,Corte Madera,100
94928,4,Rohnert Park,100
94929,2,Dillon Beach,100
94930,2,Fairfax,100
94931,2,Cotati,2.379646891
94931,4,Cotati,97.62035311
94933,2,Forest Knolls,100
94937,2,Inverness,100
94938,2,Lagunitas,100
94939,2,Larkspur,100
94940,2,Marshall,100
94941,2,Mill Valley,100
94945,2,Novato,100
94946,2,Nicasio,100
94947,2,Novato,100
94949,2,Novato,100
94950,2,Olema,100
94951,2,Penngrove,0.479386385
94951,4,Penngrove,99.52061361
94952,2,Petaluma,99.70849817
94952,4,Petaluma,0.291501829
94954,2,Petaluma,97.91128169
94954,4,Petaluma,2.08871831
94956,2,Point Reyes Station,100
94957,2,Ross,100
94960,2,San Anselmo,100
94963,2,San Geronimo,100
94964,2,San Quentin,100
94965,2,Sausalito,100
94970,2,Stinson Beach,100
94971,2,Tomales,100
94972,2,Valley Ford,100
94973,2,Woodacre,100
95002,17,Alviso,100
95003,19,Aptos,100
95004,18,Aromas,100
95005,19,Ben Lomond,100
95006,19,Boulder Creek,100
95007,19,Brookdale,100
95008,16,Campbell,100
95010,19,Capitola,100
95012,18,Castroville,73.418789
95012,19,Castroville,26.581211
95013,18,Coyote,11.11111111
95013,19,Coyote,88.88888889
95014,16,Cupertino,0.589598147
95014,17,Cupertino,99.41040185
95017,19,Davenport,100
95018,19,Felton,100
95019,18,Freedom,100
95020,18,Gilroy,97.97914525
95020,19,Gilroy,2.020854751
95023,18,Hollister,100
95030,16,Los Gatos,100
95032,16,Los Gatos,99.80077555
95032,19,Los Gatos,0.199224448
95033,16,Los Gatos,38.03450078
95033,19,Los Gatos,61.96549922
95035,17,Milpitas,99.99129786
95035,18,Milpitas,0.008702138
95037,18,Morgan Hill,91.31686933
95037,19,Morgan Hill,8.68313067
95039,19,Moss Landing,100
95041,19,Mount Hermon,100
95043,18,Paicines,100
95045,18,San Juan Bautista,100
95046,18,San Martin,98.17638736
95046,19,San Martin,1.82361264
95050,17,Santa Clara,100
95051,17,Santa Clara,100
95053,17,Santa Clara,100
95054,17,Santa Clara,100
95060,19,Santa Cruz,100
95062,19,Santa Cruz,100
95064,19,Santa Cruz,100
95065,19,Santa Cruz,100
95066,19,Scotts Valley,100
95070,16,Saratoga,100
95070,17,Saratoga,0
95073,19,Soquel,100
95075,18,Tres Pinos,100
95076,18,Watsonville,84.57830469
95076,19,Watsonville,15.42169531
95110,16,San Jose,0.102464016
95110,17,San Jose,9.172969017
95110,18,San Jose,90.72456697
95111,16,San Jose,57.64197184
95111,19,San Jose,42.35802816
95112,16,San Jose,6.616848273
95112,17,San Jose,8.759917042
95112,18,San Jose,84.62323468
95113,18,San Jose,100
95116,17,San Jose,0.189371754
95116,18,San Jose,99.81062825
95117,16,San Jose,19.75976375
95117,17,San Jose,80.24023625
95118,16,San Jose,99.84128922
95118,19,San Jose,0.15871078
95119,19,San Jose,100
95120,16,San Jose,6.183980595
95120,19,San Jose,93.8160194
95121,16,San Jose,60.54933659
95121,19,San Jose,39.45066341
95122,16,San Jose,48.08531893
95122,18,San Jose,51.91468107
95122,19,San Jose,0
95123,16,San Jose,0
95123,19,San Jose,100
95124,16,San Jose,100
95125,16,San Jose,92.0037037
95125,18,San Jose,7.996296296
95126,16,San Jose,26.19875843
95126,17,San Jose,25.32109601
95126,18,San Jose,48.48014556
95127,17,San Jose,14.36571554
95127,18,San Jose,85.63428446
95128,16,San Jose,61.89613527
95128,17,San Jose,19.23452956
95128,18,San Jose,18.86933517
95129,16,San Jose,23.37454267
95129,17,San Jose,76.62545733
95130,16,San Jose,88.82508834
95130,17,San Jose,11.17491166
95131,17,San Jose,100
95132,17,San Jose,99.78973928
95132,18,San Jose,0.210260723
95133,17,San Jose,100
95134,17,San Jose,100
95135,18,San Jose,0.607697502
95135,19,San Jose,99.3923025
95136,16,San Jose,27.97198234
95136,19,San Jose,72.02801766
95138,18,San Jose,0.532514081
95138,19,San Jose,99.46748592
95139,19,San Jose,100
95140,18,Mount Hamilton,100
95148,18,San Jose,8.094895131
95148,19,San Jose,91.90510487
95202,9,Stockton,100
95203,9,Stockton,100
95204,9,Stockton,100
95205,9,Stockton,100
95206,9,Stockton,100
95207,9,Stockton,100
95209,9,Stockton,100
95210,9,Stockton,100
95211,9,Stockton,100
95212,9,Stockton,100
95215,9,Stockton,100
95219,9,Stockton,99.80606968
95219,10,Stockton,0.193930321
95220,9,Acampo,100
95221,5,Altaville,100
95222,5,Angels Camp,100
95223,3,Arnold,3.382716049
95223,5,Arnold,96.61728395
95224,5,Avery,100
95225,5,Burson,100
95226,5,Campo Seco,100
95227,9,Clements,100
95228,5,Copperopolis,100
95230,5,Farmington,14.88549618
95230,9,Farmington,85.11450382
95231,9,French Camp,99.37603993
95231,13,French Camp,0.623960067
95232,5,Glencoe,100
95233,5,Hathaway Pines,100
95236,5,Linden,2.457551385
95236,9,Linden,97.54244861
95237,9,Lockeford,100
95240,9,Lodi,100
95242,9,Lodi,100
95245,5,Mokelumne Hill,100
95246,5,Mountain Ranch,100
95247,5,Murphys,100
95248,5,Rail Road Flat,100
95249,5,San Andreas,100
95251,5,Vallecito,100
95252,5,Valley Springs,100
95253,9,Victor,100
95254,5,Wallace,100
95255,5,West Point,100
95257,5,Wilseyville,100
95258,9,Woodbridge,100
95301,13,Atwater,100
95303,13,Ballico,100
95304,9,Tracy,72.37507711
95304,13,Tracy,27.62492289
95305,5,Big Oak Flat,100
95306,5,Catheys Valley,100
95307,5,Ceres,1.758512061
95307,13,Ceres,98.24148794
95309,5,Chinese Camp,100
95310,5,Columbia,100
95311,5,Coulterville,100
95312,13,Cressey,100
95313,13,Crows Landing,100
95315,13,Delhi,100
95316,5,Denair,98.93144602
95316,13,Denair,1.068553983
95317,13,El Nido,100
95318,5,El Portal,100
95319,5,Empire,4.882629108
95319,13,Empire,95.11737089
95320,9,Escalon,100
95321,5,Groveland,100
95322,13,Gustine,100
95323,5,Hickman,100
95324,13,Hilmar,100
95325,5,Hornitos,100
95326,5,Hughson,99.48221306
95326,13,Hughson,0.51778694
95327,5,Jamestown,100
95328,13,Keyes,100
95329,5,La Grange,100
95330,9,Lathrop,1.252365388
95330,13,Lathrop,98.74763461
95333,13,Le Grand,100
95334,13,Livingston,100
95335,5,Long Barn,100
95336,9,Manteca,100
95337,9,Manteca,93.30650238
95337,13,Manteca,6.693497617
95338,5,Mariposa,100
95340,13,Merced,100
95341,13,Merced,100
95345,5,Midpines,100
95346,5,Mi Wuk Village,100
95348,13,Merced,100
95350,5,Modesto,100
95351,5,Modesto,4.456727213
95351,13,Modesto,95.54327279
95354,5,Modesto,43.77732113
95354,13,Modesto,56.22267887
95355,5,Modesto,100
95356,5,Modesto,100
95357,5,Modesto,43.64166404
95357,13,Modesto,56.35833596
95358,5,Modesto,22.61367527
95358,13,Modesto,77.38632473
95360,13,Newman,100
95361,5,Oakdale,93.27507924
95361,9,Oakdale,6.724920757
95363,13,Patterson,100
95364,5,Pinecrest,100
95365,13,Planada,100
95366,9,Ripon,99.53944843
95366,13,Ripon,0.460551565
95367,5,Riverbank,100
95368,5,Salida,100
95369,5,Snelling,6.740196078
95369,13,Snelling,93.25980392
95370,5,Sonora,100
95372,5,Soulsbyville,100
95374,13,Stevinson,100
95375,5,Strawberry,100
95376,9,Tracy,100
95377,9,Tracy,98.56895056
95377,13,Tracy,1.228678809
95377,14,Tracy,0.202370627
95379,5,Tuolumne,100
95380,5,Turlock,20.88460104
95380,13,Turlock,79.11539896
95382,5,Turlock,97.0208258
95382,13,Turlock,2.979174203
95383,5,Twain Harte,100
95385,13,Vernalis,100
95386,5,Waterford,100
95387,13,Westley,100
95388,13,Winton,100
95389,5,Yosemite National Park,100
95391,9,Tracy,99.52244122
95391,14,Tracy,0.477558784
95401,2,Santa Rosa,26.04099592
95401,4,Santa Rosa,73.95900408
95403,2,Santa Rosa,92.94486075
95403,4,Santa Rosa,7.055139246
95404,2,Santa Rosa,4.766787611
95404,4,Santa Rosa,95.23321239
95405,4,Santa Rosa,100
95407,2,Santa Rosa,2.66563147
95407,4,Santa Rosa,97.33436853
95409,2,Santa Rosa,3.064056811
95409,4,Santa Rosa,96.93594319
95410,2,Albion,100
95412,2,Annapolis,100
95415,2,Boonville,100
95417,2,Branscomb,100
95419,2,Camp Meeker,100
95420,2,Caspar,100
95421,2,Cazadero,100
95422,4,Clearlake,100
95423,4,Clearlake Oaks,100
95425,2,Cloverdale,100
95426,4,Cobb,100
95427,2,Comptche,100
95428,2,Covelo,100
95429,2,Dos Rios,100
95430,2,Duncans Mills,100
95431,4,Eldridge,0
95432,2,Elk,100
95435,4,Finley,100
95436,2,Forestville,100
95437,2,Fort Bragg,100
95439,2,Fulton,100
95441,2,Geyserville,100
95442,4,Glen Ellen,100
95443,4,Glenhaven,100
95444,2,Graton,100
95445,2,Gualala,100
95446,2,Guerneville,100
95448,2,Healdsburg,100
95449,2,Hopland,100
95450,2,Jenner,100
95451,4,Kelseyville,100
95452,4,Kenwood,100
95453,4,Lakeport,100
95454,2,Laytonville,100
95456,2,Little River,100
95457,4,Lower Lake,100
95458,4,Lucerne,100
95459,2,Manchester,100
95460,2,Mendocino,100
95461,4,Middletown,100
95462,2,Monte Rio,100
95463,2,Navarro,100
95464,4,Nice,100
95465,2,Occidental,100
95466,2,Philo,100
95467,4,Hidden Valley Lake,100
95468,2,Point Arena,100
95469,2,Potter Valley,93.42318059
95469,4,Potter Valley,6.576819407
95470,2,Redwood Valley,100
95471,2,Rio Nido,100
95472,2,Sebastopol,98.15335913
95472,4,Sebastopol,1.846640872
95476,4,Sonoma,100
95480,2,Stewarts Point,100
95482,2,Ukiah,100
95485,4,Upper Lake,100
95486,2,Villa Grande,100
95488,2,Westport,100
95490,2,Willits,100
95492,2,Windsor,100
95493,4,Witter Springs,100
95494,2,Yorkville,100
95497,2,The Sea Ranch,100
95501,2,Eureka,100
95503,2,Eureka,100
95511,2,Alderpoint,100
95514,2,Blocksburg,100
95519,2,Mckinleyville,100
95521,2,Arcata,100
95524,2,Bayside,100
95525,2,Blue Lake,100
95526,2,Bridgeville,100
95527,2,Burnt Ranch,100
95528,2,Carlotta,100
95531,2,Crescent City,100
95536,2,Ferndale,100
95537,2,Fields Landing,100
95538,2,Fort Dick,100
95540,2,Fortuna,100
95542,2,Garberville,100
95543,2,Gasquet,100
95545,2,Honeydew,100
95546,2,Hoopa,100
95547,2,Hydesville,100
95548,2,Klamath,100
95549,2,Kneeland,100
95550,2,Korbel,100
95551,2,Loleta,100
95552,2,Mad River,100
95553,2,Miranda,100
95554,2,Myers Flat,100
95555,2,Orick,100
95556,1,Orleans,3.384615385
95556,2,Orleans,96.61538462
95558,2,Petrolia,100
95559,2,Phillipsville,100
95560,2,Redway,100
95562,2,Rio Dell,100
95563,2,Salyer,100
95564,2,Samoa,100
95565,2,Scotia,100
95567,2,Smith River,100
95568,1,Somes Bar,100
95569,2,Redcrest,100
95570,2,Trinidad,100
95571,2,Weott,100
95573,2,Willow Creek,100
95585,2,Leggett,100
95587,2,Piercy,100
95589,2,Whitethorn,100
95595,2,Zenia,100
95601,5,Amador City,100
95602,3,Auburn,100
95603,3,Auburn,100
95604,3,Auburn,100
95605,7,West Sacramento,100
95606,4,Brooks,100
95607,4,Capay,100
95608,6,Carmichael,100
95610,6,Citrus Heights,100
95612,4,Clarksburg,88.45861807
95612,7,Clarksburg,11.54138193
95613,5,Coloma,100
95614,3,Cool,100
95615,7,Courtland,100
95616,4,Davis,100
95618,4,Davis,100
95619,5,Diamond Springs,100
95620,4,Dixon,99.58953309
95620,7,Dixon,0
95620,8,Dixon,0.410466906
95621,6,Citrus Heights,100
95623,5,El Dorado,100
95624,7,Elk Grove,100
95625,4,Elmira,9.714285714
95625,8,Elmira,90.28571429
95626,1,Elverta,1.925078044
95626,3,Elverta,7.353451266
95626,6,Elverta,90.72147069
95627,4,Esparto,100
95628,3,Fair Oaks,25.00233514
95628,6,Fair Oaks,74.99766486
95629,5,Fiddletown,100
95630,3,Folsom,100
95630,5,Folsom,0
95631,3,Foresthill,100
95632,7,Galt,96.06291706
95632,9,Galt,3.937082936
95633,3,Garden Valley,100
95633,5,Garden Valley,0
95634,3,Georgetown,100
95635,3,Greenwood,100
95636,3,Grizzly Flats,100
95637,4,Guinda,100
95638,7,Herald,100
95639,7,Hood,100
95640,5,Ione,99.937651
95640,7,Ione,0.062348999
95641,7,Isleton,98.72021183
95641,9,Isleton,1.279788173
95642,5,Jackson,100
95645,1,Knights Landing,41.86588921
95645,4,Knights Landing,58.13411079
95646,3,Kirkwood,57.9787234
95646,5,Kirkwood,42.0212766
95648,3,Lincoln,100
95650,3,Loomis,100
95651,3,Lotus,26.47444299
95651,5,Lotus,73.52555701
95652,6,Mcclellan,100
95653,4,Madison,100
95655,6,Mather,100
95658,3,Newcastle,100
95659,1,Nicolaus,100
95660,6,North Highlands,100
95661,3,Roseville,100
95662,3,Orangevale,100
95663,3,Penryn,100
95664,3,Pilot Hill,9.330323552
95664,5,Pilot Hill,90.66967645
95665,5,Pine Grove,100
95666,5,Pioneer,100
95667,3,Placerville,15.97242711
95667,5,Placerville,84.02757289
95668,1,Pleasant Grove,73.96788991
95668,3,Pleasant Grove,26.03211009
95669,5,Plymouth,100
95670,3,Rancho Cordova,0.039663379
95670,6,Rancho Cordova,99.96033662
95671,3,Represa,100
95672,5,Rescue,100
95673,6,Rio Linda,100
95674,1,Rio Oso,100
95675,5,River Pines,100
95676,1,Robbins,100
95677,3,Rocklin,100
95678,3,Roseville,99.90694789
95678,6,Roseville,0.093052109
95679,4,Rumsey,100
95680,7,Ryde,100
95681,3,Sheridan,100
95682,5,Shingle Springs,100
95683,3,Sloughhouse,0.564885496
95683,6,Sloughhouse,4.458015267
95683,7,Sloughhouse,94.97709924
95684,3,Somerset,32.92720073
95684,5,Somerset,67.07279927
95685,5,Sutter Creek,100
95686,9,Thornton,100
95687,4,Vacaville,95.25609634
95687,8,Vacaville,4.743903661
95688,4,Vacaville,100
95689,5,Volcano,100
95690,4,Walnut Grove,2.511013216
95690,7,Walnut Grove,97.48898678
95691,4,West Sacramento,0.328740997
95691,7,West Sacramento,99.671259
95692,1,Wheatland,100
95693,7,Wilton,100
95694,4,Winters,100
95695,4,Woodland,100
95697,4,Yolo,100
95698,4,Zamora,100
95699,5,Drytown,100
95701,3,Alta,100
95703,3,Applegate,100
95709,3,Camino,99.0151826
95709,5,Camino,0.984817398
95713,3,Colfax,100
95714,3,Dutch Flat,100
95715,3,Emigrant Gap,100
95717,3,Gold Run,100
95720,3,Kyburz,100
95721,3,Echo Lake,100
95722,3,Meadow Vista,100
95726,3,Pollock Pines,100
95728,3,Soda Springs,100
95735,3,Twin Bridges,100
95736,3,Weimar,100
95742,3,Rancho Cordova,3.782287823
95742,6,Rancho Cordova,96.21771218
95746,3,Granite Bay,100
95747,3,Roseville,100
95757,7,Elk Grove,100
95758,7,Elk Grove,100
95762,5,El Dorado Hills,100
95765,3,Rocklin,100
95776,4,Woodland,100
95811,7,Sacramento,100
95814,7,Sacramento,100
95815,6,Sacramento,100
95816,7,Sacramento,100
95817,7,Sacramento,100
95818,7,Sacramento,100
95819,7,Sacramento,100
95820,7,Sacramento,100
95821,6,Sacramento,100
95822,7,Sacramento,100
95823,7,Sacramento,100
95824,7,Sacramento,100
95825,6,Sacramento,86.65779773
95825,7,Sacramento,13.34220227
95826,6,Sacramento,67.14199789
95826,7,Sacramento,32.85800211
95827,6,Sacramento,99.66150422
95827,7,Sacramento,0.33849578
95828,7,Sacramento,100
95829,7,Sacramento,100
95830,7,Sacramento,100
95831,7,Sacramento,100
95832,7,Sacramento,100
95833,6,Sacramento,100
95834,6,Sacramento,100
95835,6,Sacramento,100
95837,1,Sacramento,33.47107438
95837,6,Sacramento,66.52892562
95838,6,Sacramento,100
95841,6,Sacramento,100
95842,6,Sacramento,100
95843,6,Antelope,100
95864,6,Sacramento,96.84935461
95864,7,Sacramento,3.150645387
95901,1,Marysville,87.47209821
95901,3,Marysville,12.52790179
95903,1,Beale Afb,100
95910,3,Alleghany,100
95912,1,Arbuckle,100
95913,1,Artois,100
95914,1,Bangor,83.40548341
95914,3,Bangor,16.59451659
95915,3,Belden,100
95916,1,Berry Creek,100
95917,1,Biggs,100
95918,3,Browns Valley,100
95919,3,Brownsville,100
95920,1,Butte City,100
95922,3,Camptonville,100
95923,3,Canyon Dam,100
95925,3,Challenge,100
95926,1,Chico,100
95928,1,Chico,100
95929,1,Chico,0
95930,1,Clipper Mills,90.51383399
95930,3,Clipper Mills,9.486166008
95932,1,Colusa,100
95934,3,Crescent Mills,100
95935,3,Dobbins,100
95936,3,Downieville,100
95937,4,Dunnigan,100
95938,1,Durham,100
95939,1,Elk Creek,100
95941,1,Forbestown,76.04166667
95941,3,Forbestown,23.95833333
95942,1,Forest Ranch,100
95943,1,Glenn,100
95944,3,Goodyears Bar,100
95945,3,Grass Valley,100
95946,3,Penn Valley,100
95947,3,Greenville,100
95948,1,Gridley,100
95949,3,Grass Valley,100
95950,1,Grimes,100
95951,1,Hamilton City,100
95953,1,Live Oak,100
95954,1,Magalia,100
95955,1,Maxwell,100
95956,3,Meadow Valley,100
95957,1,Meridian,100
95958,1,Nelson,100
95959,3,Nevada City,100
95960,3,North San Juan,100
95961,1,Olivehurst,100
95962,3,Oregon House,100
95963,1,Orland,100
95965,1,Oroville,100
95966,1,Oroville,99.6106486
95966,3,Oroville,0.389351398
95968,1,Palermo,100
95969,1,Paradise,100
95970,1,Princeton,100
95971,3,Quincy,100
95972,3,Rackerby,100
95973,1,Chico,100
95974,1,Richvale,100
95975,3,Rough And Ready,100
95977,1,Smartsville,0
95977,3,Smartsville,100
95978,1,Stirling City,100
95979,1,Stonyford,100
95981,3,Strawberry Valley,100
95982,1,Sutter,100
95983,3,Taylorsville,100
95984,3,Twain,100
95986,3,Washington,100
95987,1,Williams,100
95988,1,Willows,100
95991,1,Yuba City,100
95993,1,Yuba City,100
96001,1,Redding,100
96002,1,Redding,100
96003,1,Redding,100
96006,1,Adin,100
96007,1,Anderson,100
96008,1,Bella Vista,100
96009,1,Bieber,100
96010,2,Big Bar,100
96011,1,Big Bend,100
96013,1,Burney,100
96014,1,Callahan,100
96015,1,Canby,100
96016,1,Cassel,100
96017,1,Castella,100
96019,1,Shasta Lake,100
96020,3,Chester,100
96021,1,Corning,100
96022,1,Cottonwood,100
96023,1,Dorris,100
96024,2,Douglas City,100
96025,1,Dunsmuir,100
96027,1,Etna,100
96028,1,Fall River Mills,100
96029,1,Flournoy,100
96031,1,Forks Of Salmon,100
96032,1,Fort Jones,100
96033,1,French Gulch,100
96034,1,Gazelle,100
96035,1,Gerber,100
96037,1,Greenview,100
96038,1,Grenada,100
96039,1,Happy Camp,100
96040,1,Hat Creek,100
96041,2,Hayfork,100
96044,1,Hornbrook,100
96046,2,Hyampom,100
96047,1,Igo,100
96048,2,Junction City,100
96050,1,Klamath River,100
96051,1,Lakehead,100
96052,2,Lewiston,100
96054,1,Lookout,100
96055,1,Los Molinos,100
96056,1,Mcarthur,100
96057,1,Mccloud,100
96058,1,Macdoel,100
96059,1,Manton,100
96061,1,Mill Creek,100
96062,1,Millville,100
96063,1,Mineral,100
96064,1,Montague,100
96065,1,Montgomery Creek,100
96067,1,Mount Shasta,100
96068,1,Nubieber,100
96069,1,Oak Run,100
96071,1,Old Station,100
96073,1,Palo Cedro,100
96074,1,Paskenta,100
96075,1,Paynes Creek,100
96076,1,Platina,45.65217391
96076,2,Platina,54.34782609
96078,1,Proberta,100
96080,1,Red Bluff,100
96084,1,Round Mountain,100
96085,1,Scott Bar,100
96086,1,Seiad Valley,100
96087,1,Shasta,100
96088,1,Shingletown,100
96090,1,Tehama,100
96091,2,Trinity Center,100
96092,1,Vina,100
96093,2,Weaverville,100
96094,1,Weed,100
96096,1,Whitmore,100
96097,1,Yreka,100
96101,1,Alturas,100
96103,3,Blairsden Graeagle,100
96104,1,Cedarville,100
96105,1,Chilcoot,16.02112676
96105,3,Chilcoot,83.97887324
96106,3,Clio,100
96107,3,Coleville,100
96108,1,Davis Creek,100
96109,1,Doyle,100
96110,1,Eagleville,100
96111,3,Floriston,100
96112,1,Fort Bidwell,100
96113,1,Herlong,100
96114,1,Janesville,100
96115,1,Lake City,100
96116,1,Likely,100
96117,1,Litchfield,100
96118,3,Loyalton,100
96119,1,Madeline,100
96120,3,Markleeville,100
96121,1,Milford,100
96122,3,Portola,100
96123,1,Ravendale,100
96124,3,Calpine,100
96125,3,Sierra City,100
96126,3,Sierraville,100
96128,1,Standish,100
96129,3,Beckwourth,100
96130,1,Susanville,100
96132,1,Termo,100
96133,3,Topaz,100
96134,1,Tulelake,100
96135,3,Vinton,100
96136,1,Wendel,100
96137,1,Westwood,53.59877489
96137,3,Westwood,46.40122511
96140,3,Carnelian Bay,100
96141,3,Homewood,100
96142,3,Tahoma,100
96143,3,Kings Beach,100
96145,3,Tahoe City,100
96146,3,Olympic Valley,100
96148,3,Tahoe Vista,100
96150,3,South Lake Tahoe,100
96155,3,South Lake Tahoe,100
96161,3,Truckee,100
97635,1,New Pine Creek,100
