zip_code,median,lat,lng,mortgage
89010,109100,37.82511,-118.08079,13
89019,190500,35.76949,-115.51606,372
89060,166100,36.38854,-116.05769,2033
89061,259800,36.07143,-115.89957,1779
89439,508300,39.52291,-119.99008,368
90001,425200,33.97365,-118.24904,3195
90002,411500,33.94906,-118.24679,3894
90003,430800,33.96409,-118.27368,3717
90004,1148400,34.07624,-118.31101,2554
90005,964700,34.05939,-118.30909,1000
90006,716900,34.04807,-118.29411,1242
90007,717300,34.02819,-118.28486,895
90008,781600,34.01037,-118.3428,3652
90010,822100,34.06209,-118.31262,274
90011,452100,34.00689,-118.25861,5181
90012,633000,34.06679,-118.23878,605
90013,664800,34.04435,-118.24,514
90014,625000,34.04302,-118.25182,149
90015,715000,34.03932,-118.26625,611
90016,677500,34.02881,-118.35436,4626
90017,697100,34.05306,-118.26447,491
90018,704300,34.0286,-118.31737,3800
90019,1033900,34.04861,-118.33874,4326
90020,650300,34.06638,-118.30986,1108
90021,1013900,34.02909,-118.23889,94
90022,471000,34.02455,-118.15608,3858
90023,479600,34.02264,-118.19986,1858
90024,1231000,34.06565,-118.43521,3216
90025,905900,34.04551,-118.44583,3474
90026,962100,34.07883,-118.2637,4574
90027,1287200,34.12515,-118.29049,2766
90028,723000,34.09982,-118.3268,437
90029,898400,34.08983,-118.29467,1028
90031,616900,34.08122,-118.21081,2153
90032,605400,34.0793,-118.17835,4682
90033,538900,34.05117,-118.21165,1841
90034,1152500,34.03059,-118.39936,3098
90035,1494600,34.05139,-118.38577,2329
90036,1634700,34.07013,-118.34978,2051
90037,502000,34.00271,-118.28747,3286
90038,945000,34.08882,-118.32671,784
90039,972900,34.11242,-118.26153,3659
90040,452100,33.99318,-118.1489,1097
90041,886800,34.13749,-118.20746,3794
90042,731600,34.11475,-118.192,6812
90043,684500,33.98876,-118.33519,7185
90044,461200,33.95253,-118.29194,6256
90045,1103500,33.95302,-118.40028,5520
90046,1290400,34.10752,-118.36575,4434
90047,519400,33.95456,-118.30899,7124
90048,1441200,34.07293,-118.3727,2184
90049,2000000,34.08749,-118.48976,5610
90056,1114900,33.99361,-118.36884,1419
90057,576200,34.06205,-118.27704,375
90058,419600,34.00264,-118.21452,182
90059,415100,33.92709,-118.2491,3815
90061,438800,33.92037,-118.27383,2496
90062,550600,34.0035,-118.30904,3348
90063,481100,34.0452,-118.18583,3196
90064,1388300,34.0358,-118.42653,3808
90065,833400,34.10867,-118.22813,5371
90066,1282100,34.00166,-118.43104,5865
90067,1344900,34.0565,-118.41373,556
90068,1500800,34.12794,-118.32914,4003
90069,890100,34.09401,-118.38154,3775
90077,2000000,34.10536,-118.45591,1843
90094,1132000,33.97523,-118.41837,1549
90201,440500,33.97113,-118.1709,3353
90210,2000000,34.10251,-118.41505,3996
90211,2000000,34.06498,-118.38293,760
90212,2000000,34.06208,-118.40173,838
90220,394900,33.88058,-118.23591,5843
90221,412600,33.88542,-118.20614,4972
90222,420700,33.91213,-118.23721,3355
90230,849200,33.99691,-118.39487,5765
90232,1219100,34.01859,-118.39157,1809
90240,646900,33.9564,-118.11803,3499
90241,627700,33.94076,-118.1295,4083
90242,557700,33.92216,-118.14167,4336
90245,1244200,33.91709,-118.40161,2205
90247,540800,33.89159,-118.29735,3851
90248,571200,33.87689,-118.28362,1519
90249,584000,33.90152,-118.31707,3441
90250,661400,33.91383,-118.34996,7322
90254,1674500,33.86532,-118.39616,3271
90255,455000,33.97697,-118.21725,4144
90260,597300,33.88768,-118.34952,3412
90262,449600,33.92384,-118.20133,5367
90265,2000000,34.07282,-118.84995,3215
90266,2000000,33.88968,-118.39705,6419
90270,481800,33.98856,-118.18774,1119
90272,2000000,34.08066,-118.54459,4388
90274,1757700,33.77732,-118.3684,5148
90275,1247000,33.7555,-118.36338,8058
90277,1143800,33.83099,-118.38441,5368
90278,992600,33.87362,-118.37028,7339
90280,470200,33.94453,-118.19256,7674
90290,1184900,34.09725,-118.6125,1137
90291,1899800,33.99447,-118.46315,3487
90292,1076900,33.97865,-118.44707,3103
90293,899000,33.95071,-118.43745,2293
90301,547900,33.95647,-118.35863,2348
90302,590000,33.97472,-118.35565,2457
90303,606100,33.93601,-118.33112,1961
90304,586600,33.93736,-118.35879,1491
90305,646500,33.9583,-118.33113,3023
90401,1393800,34.01584,-118.49251,239
90402,2000000,34.03598,-118.50391,2178
90403,1523400,34.03164,-118.48975,2163
90404,922900,34.02665,-118.47381,1609
90405,1430800,34.01208,-118.4679,3011
90501,724900,33.8336,-118.31419,4334
90502,520700,33.83497,-118.29291,2981
90503,861000,33.84089,-118.3538,5734
90504,712300,33.86693,-118.33135,4886
90505,916100,33.80904,-118.34775,5209
90601,626500,34.0078,-118.03287,4603
90602,601600,33.97317,-118.02341,2177
90603,649600,33.94487,-117.99239,3672
90604,591400,33.93012,-118.01226,5731
90605,556000,33.95209,-118.02085,5284
90606,509600,33.97742,-118.0661,4188
90620,622700,33.84616,-118.01176,6824
90621,643200,33.87396,-117.99346,2815
90623,739200,33.85038,-118.04088,2036
90630,700100,33.81814,-118.03814,7583
90631,628900,33.94266,-117.95126,9507
90638,630100,33.90236,-118.00907,8179
90640,558600,34.01506,-118.111,5175
90650,487800,33.90703,-118.08249,12226
90660,490300,33.98868,-118.09111,7865
90670,492100,33.93279,-118.0626,2499
90680,472800,33.80115,-117.99532,2847
90701,635000,33.8676,-118.08055,1584
90703,762700,33.86797,-118.06874,7266
90704,863800,33.3765,-118.43678,301
90706,535300,33.88802,-118.12709,6226
90710,523400,33.79806,-118.29918,3111
90712,622800,33.849,-118.14677,5548
90713,638600,33.84797,-118.11268,5708
90715,555400,33.84037,-118.07887,2632
90716,442000,33.8305,-118.07295,1018
90717,649400,33.79345,-118.31706,2300
90720,1004200,33.79573,-118.06342,3695
90723,411900,33.89768,-118.16508,3714
90731,657700,33.7334,-118.27398,5486
90732,657400,33.74319,-118.31048,4387
90740,442000,33.75461,-118.07129,3345
90742,1140400,33.71834,-118.07174,103
90743,2000000,33.72963,-118.08594,60
90744,471000,33.77821,-118.26087,3745
90745,516000,33.82117,-118.26458,7219
90746,585600,33.85855,-118.25518,4988
90755,553100,33.80274,-118.16747,1661
90802,460300,33.75035,-118.21143,3445
90803,943000,33.76162,-118.12178,5204
90804,541000,33.78223,-118.14917,2422
90805,469100,33.86494,-118.18051,8530
90806,568400,33.80819,-118.17797,3644
90807,661100,33.83098,-118.18113,5237
90808,708300,33.82406,-118.11236,8272
90810,464500,33.81912,-118.22096,3729
90813,430500,33.78237,-118.19656,1746
90814,738900,33.7716,-118.14351,2229
90815,701600,33.79572,-118.11592,7219
91001,887100,34.19522,-118.13866,7252
91006,1074000,34.1352,-118.02667,4284
91007,1056600,34.12842,-118.04818,3503
91008,1414100,34.15363,-117.96862,157
91010,560900,34.14114,-117.95918,3841
91011,1671000,34.21757,-118.20346,4036
91016,707400,34.15246,-118.00065,4939
91020,719600,34.21144,-118.23065,780
91024,1048300,34.17177,-118.04654,1962
91030,1174400,34.11029,-118.15748,3543
91040,638100,34.25861,-118.33468,4183
91042,617400,34.30687,-118.25701,3870
91101,615200,34.14671,-118.13895,1139
91103,780200,34.16738,-118.16446,2847
91104,836500,34.16766,-118.12341,5053
91105,1306200,34.14045,-118.16716,2010
91106,811200,34.13861,-118.12825,2444
91107,913700,34.15919,-118.08688,4880
91108,2000000,34.12232,-118.11363,2020
91201,916000,34.17041,-118.28902,1745
91202,876700,34.18221,-118.26761,2598
91203,592600,34.15287,-118.26355,772
91204,561800,34.13554,-118.26093,362
91205,677200,34.13679,-118.24339,1278
91206,910500,34.16076,-118.21311,3360
91207,1092700,34.16872,-118.24477,1618
91208,1054700,34.19333,-118.23839,2789
91214,851700,34.23759,-118.24778,5808
91301,871000,34.12314,-118.75685,5599
91302,1341400,34.12295,-118.67193,4941
91303,536400,34.19784,-118.6017,1338
91304,677700,34.22472,-118.63261,6334
91306,592400,34.20926,-118.5755,5812
91307,714600,34.20177,-118.66226,5304
91311,679000,34.29011,-118.60776,6418
91316,724500,34.15836,-118.51658,4304
91320,755800,34.17339,-118.94795,8220
91321,513500,34.36479,-118.4922,4622
91324,680200,34.23855,-118.55015,3482
91325,720900,34.23636,-118.51777,4160
91326,846700,34.28022,-118.5566,7022
91331,487600,34.25602,-118.41939,10521
91335,580500,34.20107,-118.5407,8665
91340,515000,34.28668,-118.43479,3816
91342,520900,34.31778,-118.39207,12043
91343,608500,34.23837,-118.48076,6824
91344,690300,34.28991,-118.5047,9357
91345,558000,34.26591,-118.45948,2808
91350,605800,34.43028,-118.50283,8647
91351,471900,34.43269,-118.46276,5688
91352,584100,34.23183,-118.36596,4343
91354,648600,34.46039,-118.5528,7244
91355,600200,34.42379,-118.58437,5820
91356,1023000,34.15504,-118.54757,5083
91360,735100,34.21475,-118.87735,7589
91361,1042900,34.14016,-118.88398,3790
91362,878300,34.19244,-118.81949,7295
91364,949000,34.1548,-118.59492,5219
91367,786200,34.17708,-118.61518,6654
91377,823300,34.1847,-118.76652,2723
91381,851300,34.3753,-118.60744,3888
91384,579800,34.51604,-118.67289,4887
91387,599500,34.39708,-118.3707,6659
91390,647600,34.53159,-118.40668,3804
91401,798900,34.17801,-118.43183,3620
91402,483700,34.22413,-118.4448,5281
91403,1129100,34.14716,-118.46311,4221
91405,581600,34.20153,-118.44863,3802
91406,608600,34.19791,-118.48987,5246
91411,759300,34.17853,-118.45956,1859
91423,1066600,34.14924,-118.43239,4282
91436,1545300,34.15219,-118.49053,3233
91501,827400,34.19469,-118.29431,2095
91502,761400,34.17684,-118.30936,492
91504,819100,34.21349,-118.31478,3982
91505,812500,34.17583,-118.34692,4422
91506,850600,34.17134,-118.32384,3393
91601,744500,34.16827,-118.37222,2278
91602,873700,34.15078,-118.36633,2429
91604,1263200,34.13985,-118.39435,5096
91605,605900,34.20699,-118.40067,4279
91606,648100,34.18655,-118.38867,3910
91607,864100,34.16633,-118.39982,2955
91701,577200,34.13784,-117.60028,7216
91702,474100,34.24129,-117.82614,6517
91706,465900,34.09627,-117.96855,7414
91708,488900,33.95141,-117.64506,1495
91709,676800,33.95105,-117.72549,12574
91710,512600,34.00507,-117.68249,10950
91711,714400,34.12836,-117.71523,5834
91722,513600,34.09731,-117.90612,5180
91723,579100,34.08495,-117.88652,1887
91724,613400,34.0805,-117.85515,4418
91730,452400,34.10023,-117.5811,8654
91731,497100,34.07914,-118.04047,1542
91732,517800,34.07239,-118.01455,3909
91733,486400,34.0454,-118.05314,2657
91737,659500,34.15523,-117.57808,4215
91739,648400,34.1622,-117.51558,6673
91740,590200,34.11884,-117.8534,3809
91741,757100,34.1647,-117.83197,4394
91744,463200,34.02914,-117.93735,8069
91745,647300,33.99926,-117.97225,7631
91746,488400,34.04397,-117.98785,3748
91748,663600,33.9769,-117.89924,5523
91750,630400,34.14927,-117.76647,5771
91752,521900,33.99575,-117.53399,4320
91754,687700,34.051,-118.14451,3279
91755,639900,34.04832,-118.11496,2105
91759,380000,34.2541,-117.69194,57
91761,452900,34.03541,-117.5915,8557
91762,437700,34.02764,-117.64308,6935
91763,423700,34.07208,-117.69828,3571
91764,415600,34.07533,-117.60164,5410
91765,709800,33.98725,-117.81473,8001
91766,452700,34.04192,-117.75698,6733
91767,449500,34.08143,-117.73868,5584
91768,427500,34.06358,-117.78941,3269
91770,601300,34.06395,-118.08361,4602
91773,625400,34.1072,-117.80928,5574
91775,861400,34.11454,-118.08946,3212
91776,698900,34.08987,-118.09519,2720
91780,766200,34.10152,-118.05584,4426
91784,666800,34.14103,-117.65831,5740
91786,483400,34.10525,-117.66206,5236
91789,790500,34.01858,-117.85408,6515
91790,594000,34.06722,-117.93788,5492
91791,647400,34.06134,-117.89425,4528
91792,557100,34.02586,-117.89989,3729
91801,662100,34.09093,-118.12776,4181
91803,643900,34.0749,-118.14624,2872
91901,644200,32.81467,-116.71929,3544
91902,732000,32.67479,-117.00475,3199
91905,280400,32.67773,-116.30734,249
91906,282800,32.66241,-116.47255,571
91910,549100,32.63653,-117.06301,9145
91911,485300,32.60686,-117.04984,8149
91913,578600,32.62174,-116.98609,8705
91914,739300,32.66604,-116.95426,3044
91915,604600,32.62266,-116.95013,6043
91916,479600,32.91103,-116.63201,353
91917,433300,32.6267,-116.71894,112
91932,639200,32.56923,-117.11798,1868
91934,265500,32.66488,-116.16828,84
91935,681300,32.70214,-116.78721,1875
91941,684900,32.75964,-116.99253,6093
91942,578600,32.77728,-117.02129,4911
91945,478800,32.73315,-117.03402,3819
91948,240300,32.87509,-116.47076,31
91950,450700,32.66952,-117.09313,4044
91962,433300,32.79248,-116.48044,503
91963,350000,32.64798,-116.5964,49
91977,493000,32.72387,-116.99631,9078
91978,454100,32.71209,-116.94103,1443
92003,720300,33.28701,-117.19977,752
92004,320600,33.18481,-116.15688,370
92007,1304000,33.02216,-117.27389,1812
92008,881300,33.14564,-117.31691,3576
92009,964200,33.09535,-117.24574,8934
92010,776000,33.15676,-117.28423,2787
92011,924700,33.10698,-117.29507,4088
92014,1827000,32.96797,-117.24879,2370
92019,576700,32.77886,-116.87142,7453
92020,576200,32.79557,-116.9697,6186
92021,469100,32.83514,-116.87462,7476
92024,1063400,33.05716,-117.25651,8184
92025,558600,33.08492,-117.02967,5342
92026,539900,33.2111,-117.11157,8051
92027,493300,33.13263,-116.98335,7180
92028,627900,33.38613,-117.22658,8226
92029,690900,33.08555,-117.12885,3762
92036,425900,33.01137,-116.37672,745
92037,1614900,32.85257,-117.25104,6107
92040,540200,32.90665,-116.88875,7161
92054,648800,33.19377,-117.35508,3879
92056,583700,33.20197,-117.28939,8816
92057,530600,33.25326,-117.28704,9378
92058,510400,33.28379,-117.34182,2561
92059,234200,33.38277,-117.05193,153
92061,611500,33.30036,-116.93048,247
92064,767500,32.98038,-117.01746,9138
92065,593100,33.04736,-116.84386,7078
92066,364900,33.21541,-116.53583,77
92067,2000000,33.02087,-117.19209,1530
92069,569500,33.17536,-117.15761,6181
92070,335700,33.18513,-116.74071,73
92071,524100,32.85045,-116.99479,10449
92075,1442900,32.99735,-117.25875,1956
92078,665300,33.11834,-117.18554,9032
92081,599400,33.16451,-117.24056,3953
92082,620700,33.2518,-117.00284,3374
92083,467600,33.19808,-117.24844,3813
92084,600600,33.22454,-117.20334,6396
92086,265800,33.29718,-116.64176,245
92091,1359400,33.03432,-117.19704,320
92101,626000,32.7162,-117.18589,5076
92102,477100,32.71595,-117.11749,3579
92103,835300,32.74782,-117.16738,4154
92104,679300,32.74191,-117.12781,4628
92105,459200,32.73756,-117.09193,5045
92106,1070000,32.71334,-117.23617,3086
92107,982300,32.7402,-117.24357,3270
92108,469300,32.77423,-117.14097,2982
92109,962000,32.78699,-117.23273,4654
92110,688800,32.76533,-117.19965,2841
92111,604600,32.8065,-117.16897,6091
92113,406600,32.69591,-117.12012,2737
92114,461500,32.70778,-117.05529,9214
92115,580800,32.76154,-117.07187,5732
92116,690400,32.76484,-117.12303,4122
92117,690000,32.82493,-117.19972,7275
92118,1656900,32.67466,-117.16915,2277
92119,632500,32.80896,-117.03232,4748
92120,654100,32.79526,-117.07317,5319
92121,821100,32.8973,-117.20231,721
92122,780000,32.85681,-117.21017,3957
92123,600900,32.80958,-117.13419,3658
92124,704400,32.82823,-117.08528,3732
92126,599500,32.912,-117.14344,9918
92127,914200,33.01913,-117.12339,9123
92128,681900,32.99687,-117.07308,9510
92129,815300,32.96354,-117.12622,9399
92130,1189300,32.94763,-117.20586,10373
92131,885500,32.89604,-117.05737,7623
92139,466100,32.68006,-117.04889,4158
92154,477900,32.578,-116.96621,10125
92173,388700,32.55552,-117.05114,1755
92201,272400,33.70804,-116.23502,9224
92203,368900,33.75159,-116.24139,6889
92210,750700,33.70357,-116.33953,819
92211,400000,33.76593,-116.33241,4874
92220,259600,33.93992,-116.83935,3747
92223,354000,33.9382,-116.98137,11019
92225,165000,33.71642,-114.65606,1689
92227,226700,32.98677,-115.3341,3036
92230,211900,33.9088,-116.76879,228
92231,233300,32.68751,-115.56433,3359
92233,158400,33.14736,-115.50686,407
92234,325200,33.81386,-116.46663,7299
92236,262300,33.70276,-116.07254,7165
92239,112500,33.87424,-115.24396,11
92240,230300,33.95291,-116.5194,4384
92241,92600,33.84634,-116.28342,752
92242,101600,34.19019,-114.30755,104
92243,216700,32.77285,-115.60065,3510
92249,220200,32.72606,-115.48218,788
92250,234300,32.79188,-115.23454,529
92251,271600,32.87129,-115.71804,2999
92252,217900,34.14801,-116.28422,1269
92253,453600,33.65562,-116.28785,7531
92254,160400,33.54371,-115.99995,713
92256,183300,34.07207,-116.61761,516
92257,57800,33.33976,-115.52814,72
92258,69100,33.91791,-116.56002,12
92259,158000,32.73478,-115.94632,13
92260,363400,33.69841,-116.40519,4990
92262,447800,33.86287,-116.55736,4560
92264,386800,33.73575,-116.50544,3536
92268,427900,34.16146,-116.55002,82
92270,570400,33.76399,-116.42705,3581
92273,158800,32.80798,-115.69592,125
92274,113200,33.47031,-116.11387,1238
92275,145600,33.20783,-115.88084,266
92276,206000,33.83234,-116.38648,1084
92277,158900,34.11248,-115.68752,1994
92281,160600,33.05033,-115.61264,152
92282,225000,33.96253,-116.65829,224
92284,225100,34.16013,-116.42474,4560
92285,157100,34.33762,-116.51364,314
92301,238600,34.65183,-117.52617,3670
92305,296400,34.17018,-116.83231,62
92307,301700,34.59078,-117.14127,6223
92308,282100,34.42005,-117.15558,6993
92309,86300,35.24942,-116.15578,41
92311,144900,34.97204,-117.0101,2685
92313,378100,34.03142,-117.31373,1945
92314,307100,34.2576,-116.80075,2150
92315,467800,34.22011,-116.95301,856
92316,339100,34.0576,-117.39076,3498
92317,504900,34.24507,-117.20874,134
92320,279200,33.9874,-117.05024,1635
92321,370900,34.24748,-117.14694,222
92322,273100,34.25419,-117.32259,260
92324,326000,34.03398,-117.29008,6227
92325,278800,34.24554,-117.27506,1783
92327,151700,34.86632,-116.84347,0
92328,68500,36.39482,-117.02718,7
92333,372600,34.26951,-116.96277,123
92335,344200,34.08733,-117.46519,8298
92336,460100,34.13686,-117.46033,17876
92337,403600,34.04967,-117.47145,6244
92339,335700,34.08189,-116.83838,260
92341,255200,34.24009,-117.06798,98
92342,266100,34.76078,-117.33795,1070
92344,345700,34.39176,-117.40657,3243
92345,277100,34.36415,-117.30984,11403
92346,367300,34.12629,-117.1792,8475
92347,72000,34.95003,-117.25802,117
92352,457800,34.26824,-117.18486,1224
92354,411400,34.04933,-117.25119,2261
92356,169100,34.49633,-116.89265,836
92358,418800,34.24624,-117.56762,178
92359,341600,34.08296,-117.07026,1480
92363,125400,34.70863,-114.57562,513
92365,117600,34.88843,-116.54129,249
92368,259800,34.65508,-117.30893,68
92371,272700,34.43837,-117.54266,3075
92372,294100,34.45097,-117.62859,987
92373,530800,34.00648,-117.15351,4841
92374,413600,34.06738,-117.17482,5822
92376,332100,34.11053,-117.37997,8913
92377,418300,34.15234,-117.40412,3235
92378,289500,34.23206,-117.22483,101
92382,296600,34.20604,-117.11276,899
92385,322000,34.21345,-117.23057,85
92386,304800,34.23702,-116.82523,307
92389,103800,35.82902,-116.24813,5
92391,277100,34.23958,-117.23665,334
92392,276900,34.479,-117.40884,8127
92394,261300,34.563,-117.3542,4968
92395,255100,34.50032,-117.29479,5699
92397,360900,34.36212,-117.69136,968
92399,368400,34.04469,-117.004,8324
92401,264300,34.10586,-117.29188,93
92404,289900,34.17862,-117.23891,6642
92405,277800,34.14578,-117.30225,3266
92407,367300,34.22394,-117.38839,8740
92408,304900,34.0845,-117.2653,1071
92410,207500,34.10655,-117.29574,3264
92411,238400,34.12214,-117.32291,2142
92501,358700,33.99496,-117.37367,2271
92503,426000,33.88308,-117.45222,12722
92504,391600,33.90607,-117.39854,7116
92505,408100,33.92663,-117.4928,5286
92506,503700,33.93478,-117.36689,8141
92507,396100,33.97464,-117.32234,4353
92508,536600,33.89039,-117.3282,5962
92509,391900,34.00293,-117.44547,9483
92530,368200,33.63386,-117.37949,7724
92532,413400,33.69052,-117.30241,4853
92536,374100,33.48791,-116.81528,339
92539,242300,33.51579,-116.64432,520
92543,169000,33.69867,-116.97916,3855
92544,271700,33.64581,-116.86033,6968
92545,252000,33.7311,-117.0359,5773
92548,192700,33.76392,-117.10907,762
92549,400300,33.80886,-116.71212,491
92551,332400,33.88148,-117.22521,4235
92553,321800,33.92335,-117.24532,7286
92555,403300,33.9133,-117.10867,7489
92557,362200,33.96855,-117.25704,7486
92561,369100,33.63704,-116.57441,226
92562,478500,33.53579,-117.35098,11036
92563,459800,33.58435,-117.14458,12422
92567,379400,33.82378,-117.10305,1445
92570,326200,33.78377,-117.31737,6705
92571,336100,33.84182,-117.19522,7086
92582,339000,33.80489,-117.01873,3167
92583,251700,33.79662,-116.93188,3782
92584,422000,33.66167,-117.18079,10344
92585,371400,33.74217,-117.16723,4764
92586,276200,33.70773,-117.20045,4090
92587,442700,33.69466,-117.25196,3369
92590,1071800,33.48391,-117.22075,518
92591,501600,33.53432,-117.1092,6276
92592,522400,33.511,-117.0242,15790
92595,417300,33.61638,-117.26028,5959
92596,475400,33.64739,-117.07641,6085
92602,933600,33.72645,-117.7287,2808
92603,1303200,33.62927,-117.79408,2877
92604,818400,33.6879,-117.7889,4050
92606,853800,33.69849,-117.8123,2312
92610,807300,33.68336,-117.65404,2713
92612,789000,33.65984,-117.82457,2303
92614,789500,33.68173,-117.83316,2876
92617,585600,33.64197,-117.84103,887
92618,960800,33.66729,-117.73362,5654
92620,982000,33.70661,-117.75695,8070
92624,913400,33.46082,-117.66656,973
92625,2000000,33.60229,-117.86551,2180
92626,842500,33.67896,-117.90844,6066
92627,842100,33.64786,-117.9205,6506
92629,981600,33.47678,-117.70459,5271
92630,694800,33.64709,-117.68428,11846
92637,327000,33.60796,-117.72799,2343
92646,814900,33.66525,-117.96755,11119
92647,793300,33.72395,-118.00685,6011
92648,985800,33.68212,-118.0101,5943
92649,885000,33.72037,-118.04423,5369
92651,2000000,33.56535,-117.77399,4519
92653,771800,33.59276,-117.69994,5343
92655,583300,33.74606,-117.98765,414
92656,679300,33.57518,-117.73036,9149
92657,2000000,33.59571,-117.83069,1798
92660,1905400,33.63375,-117.87504,5557
92661,2000000,33.60231,-117.89872,334
92662,2000000,33.60547,-117.89218,375
92663,1590000,33.62328,-117.93022,3021
92672,980200,33.3825,-117.5403,5304
92673,972200,33.46611,-117.61204,5972
92675,770000,33.49977,-117.65366,6154
92676,712200,33.75306,-117.63534,494
92677,909500,33.52777,-117.70523,12322
92678,777000,33.64627,-117.50662,170
92679,970200,33.65274,-117.56048,7640
92683,651200,33.75242,-117.99383,9299
92688,673400,33.61737,-117.61131,9199
92691,750800,33.61051,-117.66627,9685
92692,795500,33.60948,-117.64396,9723
92694,844700,33.51502,-117.58065,7182
92701,521700,33.7486,-117.85877,2592
92703,486000,33.74853,-117.90621,4123
92704,534800,33.72038,-117.90807,6354
92705,914900,33.755,-117.81488,6886
92706,673300,33.76602,-117.88174,4428
92707,539700,33.70991,-117.87045,5024
92708,816900,33.71046,-117.95132,8066
92780,669400,33.73685,-117.81968,5451
92782,879300,33.72833,-117.79753,4781
92801,543200,33.84441,-117.95175,4519
92802,577500,33.80831,-117.9237,2856
92804,594400,33.81801,-117.97517,7157
92805,583800,33.83003,-117.90568,6288
92806,623300,33.83884,-117.87054,3618
92807,731100,33.85001,-117.78946,7230
92808,807100,33.85623,-117.74018,4640
92821,700900,33.92997,-117.86986,6284
92823,913900,33.92536,-117.80024,1229
92831,676300,33.8795,-117.89607,3626
92832,615300,33.86871,-117.92914,1976
92833,686700,33.88051,-117.96112,6996
92835,831100,33.90171,-117.91529,4714
92840,590900,33.78584,-117.93202,5731
92841,609900,33.7868,-117.98207,3067
92843,570200,33.76399,-117.93153,3784
92844,545400,33.76561,-117.96952,1903
92845,668900,33.78292,-118.0264,2836
92860,595300,33.9262,-117.54913,4664
92861,1287100,33.81801,-117.81031,1215
92865,652400,33.82887,-117.84925,3498
92866,722200,33.78453,-117.84479,1271
92867,780900,33.81443,-117.79617,6447
92868,531900,33.78799,-117.87637,2209
92869,770700,33.79479,-117.7621,6118
92870,696700,33.88087,-117.85522,7690
92879,452900,33.87979,-117.5357,5602
92880,601700,33.92096,-117.61052,12377
92881,615000,33.82163,-117.56763,5867
92882,521000,33.86367,-117.59989,9434
92883,538500,33.75994,-117.47827,7439
92886,864700,33.89517,-117.80154,10083
92887,903900,33.88727,-117.73389,4144
93001,630400,34.35321,-119.31868,3783
93003,617700,34.28434,-119.22256,7679
93004,608100,34.27901,-119.16537,4900
93010,662300,34.23007,-119.07437,7257
93012,657700,34.20518,-118.99309,6602
93013,822400,34.42697,-119.48032,2080
93015,456600,34.40969,-118.87807,2021
93021,690900,34.30417,-118.88274,7302
93022,610500,34.40324,-119.29836,1007
93023,692700,34.50372,-119.24856,3233
93030,530000,34.2051,-119.1753,5075
93033,442700,34.15401,-119.12296,6268
93035,632800,34.19034,-119.22879,3608
93036,527700,34.24911,-119.15977,5045
93040,393500,34.59337,-118.93657,271
93041,446800,34.14956,-119.17458,2322
93060,446700,34.36543,-119.09563,3294
93063,626900,34.30922,-118.69041,10246
93065,642900,34.26206,-118.77151,14211
93066,1068500,34.28851,-119.02848,364
93067,1875000,34.42162,-119.59277,82
93101,905500,34.41925,-119.70808,2244
93103,1117000,34.43888,-119.68173,2312
93105,1180200,34.52702,-119.76082,3753
93108,2000000,34.44934,-119.60397,1739
93109,1413400,34.40662,-119.72682,1450
93110,875700,34.43913,-119.7666,2361
93111,961100,34.44932,-119.80223,2637
93117,838300,34.49102,-120.08201,4267
93201,91000,35.8555,-119.48338,50
93202,187500,36.3187,-119.7076,702
93203,192800,35.12158,-118.8468,1725
93204,180200,35.90819,-120.06776,1033
93205,109500,35.5387,-118.45463,179
93206,152200,35.44402,-119.47578,121
93207,200000,35.88721,-118.63153,29
93210,203100,36.19519,-120.43245,2102
93212,176400,36.01649,-119.56937,1312
93215,215100,35.7764,-119.18835,4525
93218,134500,35.86194,-119.03822,90
93219,162500,35.87908,-119.28818,819
93221,278600,36.29637,-119.02992,1918
93222,282500,34.89835,-119.25983,562
93223,189100,36.30117,-119.20789,1091
93224,152200,35.21687,-119.58087,51
93225,247900,34.78532,-119.04196,1147
93226,227600,35.7476,-118.73462,12
93230,252300,36.28967,-119.62514,9022
93234,190000,36.19608,-120.08477,300
93235,175600,36.38507,-119.22314,427
93237,228400,36.47452,-118.90426,37
93240,177900,35.62425,-118.4645,519
93241,147600,35.24922,-118.91224,964
93242,264100,36.44115,-119.73024,377
93243,359400,34.84057,-118.81769,89
93244,177800,36.3908,-118.99733,34
93245,261400,36.28614,-119.83405,4048
93247,208800,36.20234,-119.08277,1899
93249,149100,35.67033,-119.85814,123
93250,203700,35.66456,-119.20278,1267
93252,151100,34.80685,-119.34664,119
93254,182200,34.92498,-119.74834,153
93255,131500,35.68292,-118.0798,91
93256,162700,35.96805,-119.31251,485
93257,211800,35.98708,-118.89493,8028
93258,95000,36.05833,-119.15209,76
93260,143200,35.81909,-118.66116,42
93261,127600,35.81147,-119.11673,151
93263,206700,35.48722,-119.27835,2283
93265,305900,36.20713,-118.70876,925
93267,143000,36.14279,-119.0742,732
93268,164200,35.16725,-119.40785,1278
93270,221700,35.94703,-119.05669,725
93271,333600,36.43661,-118.86903,503
93272,185200,36.04818,-119.34535,178
93274,246600,36.17978,-119.37949,8991
93277,256600,36.29963,-119.38139,7060
93280,188300,35.65204,-119.44716,2347
93283,119800,35.58478,-118.28854,301
93285,101600,35.72233,-118.50871,261
93286,232800,36.45149,-119.1079,946
93287,221900,35.72387,-118.91958,29
93291,294800,36.38931,-119.36838,7912
93292,252500,36.3763,-119.22183,6059
93301,190600,35.38428,-119.02057,832
93304,179300,35.33938,-119.02368,4348
93305,169300,35.38989,-118.98515,2546
93306,227700,35.46595,-118.78445,10002
93307,187100,35.2487,-118.93253,7536
93308,242800,35.5498,-118.93389,5576
93309,226200,35.34266,-119.06461,7195
93311,324800,35.15378,-119.16567,8646
93312,328400,35.39186,-119.11954,11445
93313,283400,35.16363,-119.04715,9676
93314,412200,35.385,-119.23741,6815
93401,775100,35.23539,-120.61834,3595
93402,616100,35.29082,-120.8392,2562
93405,753500,35.29672,-120.72618,1885
93420,710000,35.16682,-120.46617,5420
93422,573000,35.4638,-120.69007,6062
93424,888000,35.20141,-120.78394,233
93426,446200,35.84682,-120.97233,207
93427,621600,34.62724,-120.22465,939
93428,705200,35.58995,-121.02943,1393
93430,896700,35.49214,-120.92422,478
93432,657700,35.47686,-120.47228,224
93433,577300,35.12045,-120.61894,1825
93434,337100,34.94086,-120.6113,695
93436,373600,34.60888,-120.4002,6088
93440,553800,34.74606,-120.25292,243
93441,927500,34.73296,-120.09721,136
93442,711900,35.4,-120.80495,1865
93444,643200,35.03553,-120.50293,3603
93445,425200,35.03319,-120.62002,1061
93446,502500,35.65861,-120.71888,7940
93449,771400,35.15803,-120.6504,1711
93450,338100,36.05791,-120.82894,31
93451,427400,35.89398,-120.56733,665
93452,281800,35.71078,-121.20396,49
93453,504200,35.31339,-120.1655,349
93454,375900,34.94834,-120.23425,4553
93455,452600,34.84195,-120.45522,8136
93458,361300,34.95477,-120.49042,4122
93460,962500,34.66214,-119.90091,1061
93461,346500,35.63519,-120.26951,221
93463,892900,34.60688,-120.13495,1519
93465,763200,35.54267,-120.73417,1861
93501,120300,35.0411,-118.22922,431
93505,169100,35.15708,-117.90934,1889
93510,589000,34.45627,-118.2109,1507
93512,228800,37.87379,-118.53455,56
93513,269600,37.18401,-118.17129,213
93514,337700,37.4947,-118.38514,1973
93516,74500,35.0081,-117.64268,227
93517,254200,38.27091,-119.27372,119
93518,235800,35.37675,-118.47314,158
93523,81200,34.99788,-117.88308,145
93526,223500,36.85941,-118.25378,67
93527,212100,35.80294,-117.98504,328
93529,485000,37.7832,-119.1375,80
93531,444600,35.22937,-118.60781,88
93532,318700,34.68571,-118.55914,642
93534,257600,34.71759,-118.15079,3828
93535,241800,34.69908,-117.89613,9270
93536,377300,34.75267,-118.3889,12047
93541,216300,37.99678,-119.01847,0
93543,266000,34.47916,-117.97357,1677
93544,270400,34.49063,-117.75505,307
93545,197600,36.6046,-118.02721,292
93546,493800,37.60573,-118.85219,1593
93549,163800,36.27728,-117.96016,23
93550,280900,34.38305,-118.04926,8461
93551,410900,34.59404,-118.22634,9950
93552,324500,34.58412,-118.02386,6184
93553,288800,34.44515,-117.89611,251
93555,194600,35.58596,-117.68446,4943
93560,240800,34.87116,-118.32594,3475
93561,295000,35.10904,-118.52016,6164
93562,57600,35.70667,-117.34263,78
93591,207200,34.59656,-117.80955,1185
93601,327800,37.39395,-119.73702,289
93602,291300,37.0644,-119.37484,562
93604,639500,37.3717,-119.52215,49
93605,297700,37.17622,-119.24953,11
93606,169200,36.79871,-120.01625,105
93608,154600,36.5055,-120.3418,33
93609,206000,36.52616,-119.86388,512
93610,250600,37.09047,-120.29036,1741
93611,365400,36.82552,-119.68115,8785
93612,243900,36.81548,-119.71076,3526
93614,307300,37.21282,-119.72659,2596
93615,171900,36.50374,-119.28385,292
93616,198000,36.65468,-119.59437,260
93618,237000,36.52213,-119.38661,3372
93619,452500,36.91656,-119.57372,9992
93620,267700,37.0448,-120.6223,884
93622,185900,36.79283,-120.62434,717
93625,298100,36.62423,-119.67173,936
93626,509400,37.03278,-119.68601,601
93630,262200,36.71831,-120.12912,1923
93631,326800,36.47653,-119.52131,2351
93635,343000,37.016,-120.88294,4806
93636,375000,36.98171,-119.87706,2372
93637,275900,36.91099,-120.1922,4782
93638,239700,37.0424,-120.03816,4994
93640,204600,36.67215,-120.43778,1143
93643,237800,37.27155,-119.45004,531
93644,301300,37.41245,-119.59431,1503
93646,201700,36.63218,-119.28938,736
93647,167400,36.58449,-119.17773,1213
93648,186100,36.6206,-119.52062,1416
93650,192600,36.84026,-119.80038,148
93651,366400,37.00296,-119.521,268
93652,169900,36.59502,-119.90458,12
93653,443500,37.24769,-119.91882,203
93654,250200,36.65747,-119.402,2970
93656,208200,36.45173,-119.93615,429
93657,307100,36.78853,-119.4378,4678
93660,207900,36.60932,-120.16514,308
93662,216900,36.53963,-119.64287,2955
93664,527800,37.05671,-119.17981,75
93667,283300,36.96585,-119.31511,322
93668,370600,36.65663,-120.28997,115
93673,176100,36.45229,-119.48232,35
93675,240800,36.73251,-119.19285,664
93701,164100,36.74955,-119.78772,333
93702,159800,36.73942,-119.75422,2696
93703,183200,36.76884,-119.76249,2816
93704,291600,36.80012,-119.80202,3878
93705,213400,36.78667,-119.82851,3698
93706,186300,36.65344,-119.90216,2295
93710,281800,36.82335,-119.76251,3151
93711,398800,36.83508,-119.83309,6077
93720,370800,36.8606,-119.76228,6951
93721,181500,36.73282,-119.78383,113
93722,270900,36.80003,-119.87791,11832
93723,374300,36.78693,-119.95271,2075
93725,226200,36.62667,-119.73501,2615
93726,214600,36.79374,-119.76161,3873
93727,287000,36.75119,-119.69736,10562
93728,210500,36.75729,-119.81816,1475
93730,522200,36.90354,-119.75512,2246
93737,387300,36.75358,-119.6456,1380
93901,569700,36.64794,-121.63044,3349
93905,444400,36.6849,-121.60562,4054
93906,466900,36.72258,-121.63218,6591
93907,566800,36.76643,-121.66816,3551
93908,846200,36.62153,-121.60048,2393
93920,1081500,36.03164,-121.52592,11
93921,1646400,36.55359,-121.92259,160
93923,1199000,36.40394,-121.79867,2558
93924,987100,36.39489,-121.63406,1438
93925,531300,36.60209,-121.42526,109
93926,453700,36.52567,-121.3991,946
93927,350400,36.26978,-121.38018,1614
93930,336200,36.19924,-121.07282,1540
93932,388100,36.00143,-121.05757,18
93933,599700,36.67566,-121.78237,2541
93940,861000,36.45294,-121.8498,4013
93950,929200,36.61899,-121.92575,1854
93953,1418400,36.58566,-121.94329,670
93954,230800,36.16434,-120.92441,24
93955,588100,36.62153,-121.79562,2710
93960,432200,36.40489,-121.32121,1427
93962,562500,36.62472,-121.64649,87
94002,1678500,37.51366,-122.29853,4505
94005,923800,37.6882,-122.40873,931
94010,2000000,37.57306,-122.37828,7121
94014,865400,37.6907,-122.44769,5315
94015,932200,37.68121,-122.48074,8356
94018,1244200,37.50603,-122.47321,782
94019,1273400,37.44826,-122.4023,2635
94020,838200,37.28473,-122.21969,409
94022,2000000,37.35534,-122.14494,3689
94024,2000000,37.35037,-122.09863,4419
94025,2000000,37.45087,-122.1829,6210
94027,2000000,37.45399,-122.20313,1078
94028,2000000,37.37492,-122.21136,1165
94030,1606700,37.59969,-122.40343,3237
94037,1244300,37.55327,-122.49584,618
94038,995800,37.52946,-122.4849,409
94040,2000000,37.38034,-122.08531,3853
94041,1804400,37.38822,-122.07529,1144
94043,1341300,37.41188,-122.06892,4396
94044,1012200,37.60544,-122.47993,6811
94060,1012800,37.22297,-122.33572,135
94061,1558300,37.46136,-122.23731,5101
94062,2000000,37.42562,-122.29653,5187
94063,1002400,37.49367,-122.20823,2371
94065,1545800,37.53504,-122.24683,2193
94066,1027400,37.62539,-122.43229,6436
94070,1910300,37.49739,-122.27021,6249
94074,1086500,37.32817,-122.34164,37
94080,963700,37.65541,-122.42083,9357
94085,1217000,37.38862,-122.01793,2723
94086,1504000,37.37164,-122.02316,3965
94087,1945100,37.35164,-122.03669,7307
94089,338100,37.41192,-122.01441,2451
94102,968000,37.77956,-122.41931,1165
94103,960000,37.77299,-122.41136,2116
94104,2000000,37.79144,-122.40211,17
94105,1401000,37.79239,-122.39707,1952
94107,1134600,37.76473,-122.39508,4168
94108,1129100,37.79189,-122.40854,371
94109,1171200,37.79334,-122.42138,3227
94110,1233600,37.74975,-122.41528,7709
94111,1183200,37.79847,-122.3998,333
94112,1022100,37.7206,-122.44311,10058
94114,1593400,37.75814,-122.43547,5326
94115,1515600,37.78608,-122.43742,3018
94116,1188000,37.74457,-122.48611,6508
94117,1478600,37.77002,-122.44425,3656
94118,1609400,37.7801,-122.46185,3824
94121,1506400,37.77849,-122.49548,4401
94122,1239600,37.76113,-122.48433,7171
94123,2000000,37.80112,-122.43645,2373
94124,873900,37.73204,-122.3858,3688
94127,1572100,37.73642,-122.45961,3796
94131,1458500,37.74569,-122.44243,4498
94132,1171000,37.72219,-122.48475,2992
94133,1393700,37.80193,-122.41092,1078
94134,925900,37.71887,-122.41124,4518
94158,1226700,37.77116,-122.39153,1337
94301,2000000,37.44424,-122.14992,2087
94303,1567000,37.45064,-122.11928,5552
94304,2000000,37.39744,-122.16699,222
94305,2000000,37.41623,-122.17069,536
94306,2000000,37.41627,-122.13088,3482
94401,944300,37.57445,-122.31942,4011
94402,1882300,37.54035,-122.33388,4421
94403,1499300,37.53844,-122.30454,6368
94404,1404600,37.5562,-122.26905,5346
94501,969500,37.77525,-122.27493,7061
94502,978600,37.73686,-122.24114,2908
94503,557800,38.19454,-122.23042,3167
94505,674800,37.86638,-121.5868,3893
94506,1380000,37.80862,-121.90498,6698
94507,1799100,37.85429,-122.00664,3222
94508,684400,38.57909,-122.44451,460
94509,435600,37.99214,-121.8142,8835
94510,628300,38.09756,-122.13189,5954
94511,433300,38.02883,-121.64039,336
94513,635600,37.92541,-121.68452,13422
94514,711000,37.83071,-121.63392,277
94515,731200,38.62449,-122.62503,818
94516,685500,37.82748,-122.16629,26
94517,815600,37.8926,-121.88252,2707
94518,649100,37.95052,-122.02209,4993
94519,608400,37.98881,-122.01275,3790
94520,480300,37.99344,-122.03532,3428
94521,649100,37.95293,-121.96971,8891
94523,827200,37.95403,-122.07608,7000
94525,591000,38.04811,-122.2292,560
94526,1265000,37.81472,-121.98451,8049
94528,2000000,37.84149,-121.95819,132
94530,891700,37.92076,-122.30068,4028
94531,528200,37.95665,-121.77777,7631
94533,393700,38.28132,-122.00693,10018
94534,589000,38.24112,-122.12142,7765
94536,989600,37.57072,-121.98555,10626
94538,888400,37.50653,-121.96361,7275
94539,1548800,37.51635,-121.9119,9667
94541,641200,37.67376,-122.08707,7536
94542,884200,37.6553,-122.02584,2783
94544,624800,37.63352,-122.05678,8353
94545,664400,37.62957,-122.12048,5176
94546,811300,37.73441,-122.09056,7818
94547,590800,38.00637,-122.26117,5841
94548,817500,37.97481,-121.65265,114
94549,1547800,37.90133,-122.11933,5439
94550,925400,37.51746,-121.59406,10010
94551,774200,37.75902,-121.76026,7732
94552,1056100,37.70456,-122.01359,2870
94553,628400,37.97999,-122.15368,9854
94555,1078400,37.55083,-122.08043,5913
94556,1224100,37.83102,-122.10425,3199
94558,693700,38.50846,-122.26497,10644
94559,704900,38.25238,-122.29382,3544
94560,870200,37.50771,-122.02523,7393
94561,501200,37.99311,-121.69172,8008
94563,1539900,37.88196,-122.19419,5031
94564,590900,37.98896,-122.27018,3387
94565,442300,38.00926,-121.92886,11862
94566,1195200,37.65032,-121.85881,8369
94567,383300,38.66342,-122.4349,89
94568,983000,37.71596,-121.90113,11811
94569,586300,38.04411,-122.19201,43
94571,398900,38.1566,-121.7482,2616
94572,546400,38.02392,-122.23285,1213
94574,1295900,38.52742,-122.39261,1314
94576,861100,38.54932,-122.47581,26
94577,667600,37.71595,-122.16615,6555
94578,633500,37.70675,-122.1256,3499
94579,659600,37.68656,-122.15709,2985
94580,649600,37.67803,-122.13334,4483
94582,1153600,37.76357,-121.91469,9066
94583,987300,37.77245,-121.99157,7242
94585,419200,38.19061,-121.94216,4653
94586,1166700,37.57327,-121.85472,161
94587,860300,37.59142,-122.06993,9934
94588,1050600,37.73801,-121.88178,5989
94589,372000,38.14162,-122.24596,4249
94590,381400,38.09546,-122.24986,3848
94591,482700,38.12702,-122.19635,10001
94592,653700,38.12009,-122.3117,280
94595,673500,37.87206,-122.06892,3362
94596,1081800,37.88902,-122.03676,3221
94597,806800,37.91768,-122.0718,3805
94598,1050800,37.89238,-121.98283,5417
94599,758600,38.41012,-122.37365,381
94601,581800,37.77684,-122.21822,3736
94602,919900,37.80517,-122.20422,5183
94603,447000,37.73923,-122.17554,3093
94605,695000,37.76062,-122.14903,7945
94606,643100,37.79179,-122.24455,1737
94607,640800,37.80721,-122.30024,2767
94608,691300,37.83611,-122.28621,3710
94609,937000,37.83476,-122.2642,2616
94610,1125700,37.81229,-122.24048,4207
94611,1199600,37.83191,-122.21592,7269
94612,848500,37.80789,-122.2662,737
94618,1440300,37.8442,-122.23868,3206
94619,790500,37.79262,-122.16001,4849
94621,445600,37.7379,-122.20794,2410
94702,958700,37.86619,-122.28634,2401
94703,1061200,37.86397,-122.27573,2319
94704,787300,37.8664,-122.26088,386
94705,1420900,37.86523,-122.2384,2071
94706,964500,37.88969,-122.29581,2604
94707,1301800,37.89843,-122.27917,2775
94708,1208400,37.90276,-122.26202,2449
94709,1001900,37.87835,-122.26613,885
94710,898500,37.86705,-122.303,825
94720,1337500,37.87185,-122.25226,20
94801,475100,37.95217,-122.38025,3160
94803,614700,37.95683,-122.28235,4784
94804,526600,37.92074,-122.34204,5180
94805,613400,37.94215,-122.32364,2615
94806,479200,37.97811,-122.33618,7039
94901,1136000,37.98053,-122.50249,5730
94903,940800,38.02485,-122.5522,5554
94904,1635600,37.94841,-122.55288,2476
94920,2000000,37.88732,-122.46549,2419
94922,854200,38.35683,-122.95098,47
94923,1077700,38.33588,-123.02647,306
94924,1119300,37.95411,-122.73171,183
94925,1372500,37.92386,-122.5132,1935
94928,546100,38.3459,-122.6935,5859
94929,1265000,38.25444,-122.96243,10
94930,927100,37.97048,-122.61108,1774
94931,663100,38.32229,-122.71497,1546
94933,879500,38.01753,-122.68814,151
94937,1007400,38.09466,-122.92719,146
94938,933600,38.03024,-122.72953,124
94939,1697200,37.93725,-122.53518,1196
94940,886400,38.15754,-122.86376,44
94941,1582800,37.92562,-122.60083,5953
94945,909300,38.1258,-122.55443,3511
94946,1736600,38.07176,-122.68785,99
94947,851100,38.10705,-122.62813,4792
94949,829100,38.06576,-122.53172,3224
94951,955000,38.32252,-122.64492,718
94952,866200,38.23007,-122.76338,5689
94954,661700,38.24624,-122.56627,6303
94956,1299500,38.0476,-122.81046,147
94957,2000000,37.96343,-122.56174,343
94960,1308500,37.99707,-122.57838,3238
94963,928600,38.00765,-122.66484,29
94965,1173700,37.85263,-122.52699,2066
94970,1593800,37.91694,-122.65553,105
94971,845200,38.23724,-122.89006,71
94973,957400,38.01259,-122.63947,380
95002,659100,37.44075,-122.00047,211
95003,935600,37.0089,-121.87775,5573
95004,780500,36.86818,-121.63237,705
95005,804800,37.09835,-122.08931,1137
95006,646300,37.17129,-122.151,2063
95007,594800,37.11019,-122.11434,170
95008,1230900,37.27977,-121.95481,6455
95010,760500,36.97721,-121.95466,1122
95012,486000,36.78373,-121.74164,940
95014,2000000,37.30827,-122.07981,8049
95017,908100,37.10529,-122.22913,56
95018,657200,37.08027,-122.05824,1452
95019,471700,36.93575,-121.78458,459
95020,815900,37.01461,-121.55718,10095
95023,609800,36.92113,-121.36117,8582
95030,2000000,37.22168,-121.98326,2907
95032,1726700,37.20859,-121.92359,4595
95033,1160400,37.15701,-121.97771,2306
95035,995200,37.44319,-121.87632,10988
95037,954600,37.13213,-121.67886,9456
95039,227500,36.81515,-121.7779,48
95041,908700,37.05052,-122.05828,138
95043,875000,36.51652,-120.97677,87
95045,726500,36.83281,-121.52576,651
95046,1092500,37.09576,-121.59649,835
95050,1140200,37.3504,-121.95238,4058
95051,1253100,37.3483,-121.98444,7081
95054,1195700,37.39308,-121.96483,2541
95060,971100,37.01352,-122.10176,6320
95062,840100,36.97279,-121.99008,5286
95064,451300,36.99158,-122.05886,135
95065,931400,37.03229,-121.98444,1285
95066,920600,37.0672,-122.01453,3220
95070,2000000,37.25624,-122.05151,6344
95073,842800,37.04068,-121.93174,1894
95075,809000,36.80112,-121.19258,92
95076,626100,36.94029,-121.75089,9260
95110,739600,37.34656,-121.9097,2203
95111,661700,37.28401,-121.82731,6093
95112,823900,37.34461,-121.88346,4360
95113,872000,37.3339,-121.8905,149
95116,687900,37.35043,-121.85255,3731
95117,1141000,37.31008,-121.96225,2514
95118,1111900,37.25589,-121.88991,5304
95119,950700,37.22756,-121.79077,1980
95120,1546400,37.18428,-121.83658,7985
95121,838900,37.30463,-121.80981,4986
95122,674500,37.32925,-121.83481,3934
95123,889800,37.24479,-121.83306,10580
95124,1259000,37.25684,-121.92286,9379
95125,1300600,37.29554,-121.89408,9333
95126,1011900,37.32687,-121.91677,4000
95127,806400,37.37453,-121.78733,7582
95128,1054000,37.31579,-121.93647,4372
95129,1641700,37.30597,-122.00072,5732
95130,1409500,37.28803,-121.98146,2054
95131,976300,37.38729,-121.89793,3955
95132,1072200,37.41994,-121.79059,5988
95133,869200,37.37171,-121.86057,3882
95134,379800,37.43003,-121.94528,1038
95135,1158400,37.22285,-121.55913,4245
95136,897500,37.27192,-121.85237,6316
95138,1129600,37.2462,-121.73287,3740
95139,904600,37.22489,-121.76393,1211
95140,1166700,37.3483,-121.64085,41
95148,998600,37.33252,-121.78142,6794
95202,265400,37.95968,-121.28772,108
95203,268100,37.95237,-121.33098,1259
95204,286300,37.97403,-121.31906,4451
95205,225400,37.96425,-121.25955,2711
95206,291800,37.8961,-121.41051,6928
95207,318500,38.00242,-121.325,4584
95209,367400,38.04717,-121.35121,6799
95210,259000,38.03215,-121.29782,3849
95212,401500,38.04897,-121.22684,3732
95215,303500,37.9444,-121.15276,2480
95219,436900,38.0207,-121.51584,4351
95220,642500,38.19779,-121.23603,1327
95222,399200,38.06127,-120.61791,731
95223,360600,38.4644,-119.85939,619
95224,327800,38.22706,-120.32562,18
95225,594900,38.20399,-120.86488,52
95227,877000,38.20678,-121.04615,131
95228,350500,37.94669,-120.68067,1053
95230,591900,37.97361,-120.86492,89
95231,341300,37.87331,-121.29272,211
95233,385200,38.18622,-120.36859,70
95236,501400,38.04218,-121.03176,533
95237,372700,38.15953,-121.14845,655
95240,352400,38.1177,-121.1627,5334
95242,440100,38.13204,-121.38875,4243
95245,383800,38.30189,-120.61975,524
95246,313000,38.23662,-120.49589,281
95247,357500,38.14264,-120.44359,551
95249,332300,38.18986,-120.61784,598
95251,286400,38.08024,-120.45769,188
95252,360200,38.15871,-120.84214,2869
95254,374400,38.20323,-120.95857,123
95255,231500,38.42055,-120.47506,227
95257,281900,38.38068,-120.45255,32
95258,479900,38.16811,-121.31011,858
95301,288800,37.30634,-120.65119,4867
95303,592600,37.4714,-120.67744,103
95304,692400,37.6773,-121.3948,2087
95306,283300,37.36015,-120.11581,130
95307,313000,37.55582,-120.95385,4806
95310,379500,38.09944,-120.36171,264
95311,252400,37.70443,-120.08344,490
95312,215000,37.42107,-120.65295,19
95313,494000,37.43511,-121.03769,112
95315,273000,37.42243,-120.7733,1518
95316,375000,37.54613,-120.69212,1414
95317,425000,37.12947,-120.5074,24
95318,241500,37.66618,-119.8064,64
95319,194700,37.6309,-120.87728,111
95320,448000,37.82453,-121.01545,1769
95321,330900,37.97719,-119.75012,838
95322,354500,37.17622,-121.01861,1275
95323,451400,37.60881,-120.68464,208
95324,313200,37.39452,-120.89605,783
95326,366500,37.58998,-120.8531,1543
95327,271800,37.84912,-120.4858,873
95328,306000,37.55797,-120.90932,404
95329,284400,37.67726,-120.41363,631
95330,431400,37.8117,-121.31331,4483
95333,274600,37.2447,-120.24277,270
95334,246500,37.34756,-120.74624,1158
95336,398100,37.83351,-121.1988,6976
95337,466500,37.74171,-121.23834,6714
95338,320800,37.50911,-119.98659,1678
95340,300400,37.34128,-120.40658,4130
95341,232400,37.23037,-120.50715,2592
95345,299500,37.58784,-119.96408,52
95346,375600,38.07045,-120.17291,287
95348,273400,37.41525,-120.4979,2541
95350,309800,37.67175,-121.00732,6173
95351,241800,37.6236,-120.99828,4303
95354,280500,37.63849,-120.96428,3022
95355,359200,37.6727,-120.94717,8535
95356,389900,37.71945,-121.02786,4797
95357,340300,37.66985,-120.87924,1872
95358,319900,37.61578,-121.10059,3121
95360,298300,37.32918,-121.03827,2113
95361,407700,37.79342,-120.77654,5436
95363,360300,37.37251,-121.27192,3994
95365,183900,37.3012,-120.33152,415
95366,522100,37.76223,-121.12574,3403
95367,344800,37.73089,-120.94669,3610
95368,349000,37.71544,-121.09047,2631
95369,339200,37.52435,-120.41301,112
95370,342700,37.98484,-120.34515,5163
95372,317000,37.98927,-120.26272,426
95374,357300,37.31636,-120.85683,108
95376,454200,37.73678,-121.43404,7922
95377,594900,37.65293,-121.49598,5816
95379,319000,37.96174,-120.21635,759
95380,319900,37.47226,-120.86978,4339
95382,374600,37.52831,-120.85214,5909
95383,364200,38.09534,-120.22602,1001
95386,323200,37.67391,-120.63045,1354
95387,445100,37.55429,-121.2451,79
95388,231700,37.42171,-120.59715,1365
95389,699100,37.73784,-119.52556,21
95391,634300,37.76952,-121.5912,3456
95401,541300,38.44922,-122.79307,5176
95403,588800,38.50326,-122.75358,6038
95404,710100,38.46488,-122.65709,6246
95405,648800,38.43926,-122.66908,3670
95407,506600,38.39465,-122.74591,4740
95409,665600,38.46116,-122.60425,4625
95410,644700,39.21616,-123.70012,188
95415,542200,39.0205,-123.36751,58
95419,601300,38.42336,-122.9582,40
95421,571400,38.58276,-123.18037,276
95422,156400,38.97829,-122.6423,2042
95423,223600,39.06749,-122.62753,487
95425,556700,38.81792,-123.02566,2239
95426,260400,38.83449,-122.7361,197
95427,699700,39.25326,-123.56932,22
95428,301300,39.82489,-123.18126,212
95429,336200,39.73292,-123.34841,23
95432,623900,39.1083,-123.63829,79
95436,578800,38.49108,-122.91425,1302
95437,446400,39.44535,-123.69402,2150
95439,742100,38.49055,-122.77591,68
95441,952800,38.73775,-123.0354,256
95442,1177600,38.3785,-122.51549,392
95444,680000,38.43261,-122.86922,61
95445,585200,38.83762,-123.49404,325
95446,506700,38.52525,-123.00423,1059
95448,919400,38.62309,-122.89089,2710
95449,465000,38.94331,-123.09653,140
95450,631000,38.5229,-123.21508,27
95451,285000,38.9388,-122.80484,1875
95452,915600,38.42969,-122.5362,258
95453,342500,39.04346,-122.93918,1961
95454,371700,39.78063,-123.51631,201
95456,410000,39.25851,-123.74585,56
95457,332800,38.87967,-122.52753,639
95458,234500,39.11667,-122.78204,551
95459,539800,38.99068,-123.62627,119
95460,566400,39.30386,-123.73737,362
95461,315900,38.762,-122.59314,381
95462,562500,38.47263,-123.02064,255
95463,462500,39.18957,-123.58059,28
95464,127500,39.12736,-122.84733,214
95465,957300,38.40556,-123.01963,292
95466,583300,39.08868,-123.51058,62
95467,338300,38.80453,-122.54948,1264
95468,494100,38.9094,-123.60372,161
95469,485000,39.38853,-123.05972,190
95470,495100,39.30019,-123.22984,869
95471,461700,38.53218,-122.97362,185
95472,890700,38.39738,-122.86668,5541
95476,767900,38.25531,-122.46055,6175
95482,402700,39.1618,-123.23925,3418
95485,299100,39.20828,-122.9259,436
95490,337600,39.4883,-123.34725,1699
95492,652800,38.53052,-122.81254,5599
95493,600000,39.20241,-122.97948,32
95494,634600,38.89646,-123.34324,19
95497,943200,38.71976,-123.45601,223
95501,299400,40.80435,-124.14034,2700
95503,337600,40.72406,-124.09178,3750
95511,410900,40.16975,-123.59539,0
95519,352700,40.95833,-124.04983,2879
95521,379000,40.84586,-124.04745,1758
95524,484900,40.82346,-124.05271,308
95525,388200,40.94845,-123.82629,191
95526,262100,40.44705,-123.6628,38
95527,272700,40.93593,-123.41966,74
95528,383900,40.4936,-123.92393,235
95531,236100,41.79288,-124.00473,2468
95536,443500,40.51069,-124.26547,332
95538,258500,41.86833,-124.15433,149
95540,313500,40.56671,-124.12651,2230
95542,386700,40.08074,-123.77369,298
95545,469700,40.26159,-124.08599,3
95546,257500,41.18777,-123.74535,197
95547,470800,40.56952,-124.07751,245
95548,200500,41.58633,-124.05859,65
95549,536500,40.65838,-123.89485,182
95550,750000,40.77695,-123.82951,5
95551,391100,40.66977,-124.21961,110
95552,246400,40.34899,-123.42248,39
95554,429200,40.27573,-123.78414,15
95555,325000,41.29519,-123.97774,22
95556,337600,41.31444,-123.59043,34
95558,708300,40.32673,-124.24017,37
95560,341200,40.14606,-123.83816,241
95562,239000,40.45808,-124.1072,467
95563,398300,40.84248,-123.51225,41
95564,333300,40.79023,-124.20312,30
95565,284600,40.45723,-124.01099,78
95567,254000,41.9498,-124.1118,337
95568,326200,41.48454,-123.48543,5
95569,401000,40.36078,-123.85818,70
95570,446600,41.11375,-124.08037,356
95573,314200,40.89567,-123.65873,213
95585,356700,39.85872,-123.66619,38
95589,405300,40.07927,-123.98596,222
95595,727300,40.11074,-123.26642,2
95601,363500,38.42713,-120.82997,77
95602,511000,38.99039,-121.10991,3814
95603,474900,38.91167,-121.08559,4852
95605,313500,38.59289,-121.53929,1601
95606,893300,38.75604,-122.19387,28
95607,375600,38.7899,-122.12585,39
95608,448700,38.62611,-121.32886,8959
95610,375700,38.69494,-121.27219,6250
95612,853100,38.38644,-121.58118,174
95614,430400,38.88649,-120.98896,1159
95615,602300,38.31113,-121.54595,131
95616,730800,38.55819,-121.80044,3874
95618,697900,38.54348,-121.6917,3671
95619,277300,38.68218,-120.81401,752
95620,458600,38.40599,-121.75689,3219
95621,327900,38.69551,-121.30862,7480
95623,443500,38.6075,-120.84873,848
95624,473300,38.43203,-121.30506,11414
95626,396500,38.73378,-121.48898,1133
95627,357900,38.72936,-122.00959,604
95628,489000,38.65212,-121.2543,8482
95629,375000,38.51277,-120.6875,158
95630,598100,38.66558,-121.141,14374
95631,409400,39.05453,-120.75365,1535
95632,403000,38.27705,-121.26128,5381
95633,341700,38.84919,-120.82328,526
95634,323700,38.9123,-120.69443,846
95635,356200,38.91111,-120.90043,233
95636,281900,38.6274,-120.51852,390
95637,611100,38.85283,-122.2729,16
95638,585700,38.33969,-121.11481,677
95640,345100,38.33922,-120.94024,2143
95641,259800,38.15046,-121.60271,226
95642,348900,38.3434,-120.76398,1134
95645,343700,38.89025,-121.79992,198
95646,393200,38.63828,-120.01813,52
95648,514000,38.92643,-121.31101,11277
95650,682700,38.81339,-121.16831,3238
95651,525400,38.82088,-120.93515,63
95653,202000,38.69151,-121.97723,32
95655,433100,38.54976,-121.27898,1034
95658,702600,38.87938,-121.15173,1336
95659,435700,38.84594,-121.57679,92
95660,256000,38.67883,-121.3805,4531
95661,550300,38.74129,-121.24925,5529
95662,408300,38.68917,-121.21988,6474
95663,713900,38.85739,-121.18251,786
95664,420700,38.79755,-121.05136,167
95665,315400,38.39587,-120.65238,1000
95666,288400,38.54113,-120.33076,1246
95667,434200,38.73407,-120.79216,7461
95668,480000,38.82708,-121.49378,67
95669,459000,38.49522,-120.89157,500
95670,375500,38.60461,-121.27963,8443
95672,573400,38.72664,-120.99638,1410
95673,340100,38.69029,-121.46603,2531
95674,456300,38.95396,-121.48187,155
95677,506800,38.79298,-121.23133,5251
95678,426500,38.76536,-121.28847,7319
95681,312700,38.99809,-121.35422,102
95682,544400,38.60537,-120.96175,6251
95683,550800,38.51018,-121.09894,1733
95684,460700,38.59098,-120.55066,729
95685,447400,38.42716,-120.76698,921
95686,311000,38.19039,-121.48543,98
95687,459300,38.3344,-121.91765,10678
95688,563300,38.41901,-122.02571,7017
95689,404400,38.47088,-120.61566,347
95690,601900,38.23429,-121.58672,316
95691,412100,38.62394,-121.58272,6572
95692,310900,39.04699,-121.40471,897
95693,657600,38.39851,-121.21956,1447
95694,474000,38.56163,-122.00609,1360
95695,402800,38.68847,-121.85666,4963
95697,170300,38.73284,-121.80701,0
95698,654100,38.8187,-121.91012,14
95701,460400,39.22633,-120.76741,242
95703,534900,38.99156,-120.9864,556
95709,465300,38.74886,-120.68134,1032
95713,422400,39.08477,-120.92788,2168
95714,343300,39.2013,-120.83677,65
95715,337500,39.27495,-120.64388,17
95717,300000,39.14258,-120.84268,27
95720,365000,38.84536,-120.26021,26
95722,547200,39.00467,-121.02891,1118
95726,341300,38.75418,-120.41989,1812
95728,704900,39.29673,-120.40358,83
95742,472200,38.5735,-121.19854,2746
95746,852900,38.75009,-121.16712,4757
95747,537300,38.77963,-121.36798,15733
95757,507100,38.33886,-121.43643,8501
95758,434500,38.42932,-121.44603,11873
95762,699100,38.67694,-121.05755,9882
95765,578900,38.81982,-121.27772,7179
95776,429900,38.68889,-121.70776,3637
95811,510900,38.58761,-121.49077,291
95814,544600,38.58064,-121.49488,488
95815,247400,38.60544,-121.44497,2761
95816,631100,38.57555,-121.46543,2014
95817,374200,38.55057,-121.45713,1639
95818,660600,38.55579,-121.49669,3837
95819,637200,38.56816,-121.43772,3967
95820,317700,38.53491,-121.4442,5186
95821,374500,38.62541,-121.38479,4784
95822,355400,38.51273,-121.49556,6626
95823,285600,38.47473,-121.44266,7928
95824,243800,38.51746,-121.44147,2126
95825,331300,38.5901,-121.40644,2305
95826,349300,38.54554,-121.37885,5811
95827,328800,38.55151,-121.3253,2981
95828,309800,38.48943,-121.39598,7451
95829,429800,38.48759,-121.33326,5340
95830,821900,38.49415,-121.27229,107
95831,485300,38.49599,-121.52948,6217
95832,319400,38.43979,-121.49888,1235
95833,349900,38.61529,-121.51558,5583
95834,415800,38.64207,-121.51967,4756
95835,452000,38.67088,-121.52464,8017
95837,1045500,38.68925,-121.59537,36
95838,276000,38.64708,-121.44312,4876
95841,308800,38.66031,-121.34812,2234
95842,289300,38.687,-121.34889,3825
95843,361900,38.71532,-121.36366,8087
95864,643200,38.58512,-121.37655,4852
95901,269300,39.2225,-121.48855,4727
95910,120800,39.46742,-120.83158,65
95912,351000,39.0016,-122.07462,567
95913,227500,39.62899,-122.19215,22
95914,306900,39.40756,-121.37878,69
95916,204800,39.65945,-121.37375,98
95917,275000,39.42392,-121.77178,558
95918,532700,39.301,-121.34547,494
95919,273400,39.43445,-121.26554,274
95920,269400,39.46071,-121.93702,29
95922,266200,39.47033,-121.07736,75
95923,736100,40.18385,-121.13672,4
95926,370500,39.74573,-121.84396,4701
95928,388800,39.68317,-121.83528,4409
95930,282900,39.54679,-121.1606,88
95932,285200,39.26839,-122.00426,932
95936,1024200,39.56336,-120.79279,12
95938,477700,39.60504,-121.79708,632
95939,138100,39.56755,-122.60224,21
95941,269500,39.5588,-121.24157,21
95942,392300,39.98954,-121.58872,510
95943,570300,39.57692,-122.0367,44
95945,391400,39.19426,-120.98199,3870
95946,443600,39.21052,-121.20467,1772
95947,240100,40.15942,-120.84409,295
95948,260600,39.34289,-121.75818,1410
95949,448500,39.102,-121.13343,4690
95951,240300,39.71473,-122.00197,264
95953,276300,39.25018,-121.77309,1471
95954,194500,39.94916,-121.54088,2097
95955,283100,39.29657,-122.20454,158
95956,261500,39.8751,-121.12209,101
95957,278300,39.05366,-121.82379,107
95959,519400,39.34509,-120.86797,3226
95960,348300,39.39121,-121.0583,63
95961,292400,39.03343,-121.55754,4600
95962,297500,39.32669,-121.26876,150
95963,278200,39.73682,-122.30329,2122
95965,216400,39.59169,-121.59034,2303
95966,244400,39.47332,-121.43284,4986
95968,156800,39.43514,-121.55179,61
95969,300000,39.72178,-121.63388,1543
95970,450000,39.41159,-122.05176,28
95971,266100,39.92895,-120.91608,644
95973,402600,39.88099,-121.8516,5905
95975,478700,39.22436,-121.15367,471
95977,377100,39.17967,-121.29007,347
95979,250000,39.29771,-122.47913,39
95982,292700,39.18051,-121.80746,581
95987,310300,39.10299,-122.2726,795
95988,244100,39.49825,-122.28698,947
95991,297900,39.02205,-121.61317,4877
95993,353700,39.08171,-121.68798,5367
96001,319700,40.57731,-122.45443,4965
96002,280900,40.5299,-122.31679,4821
96003,299600,40.66664,-122.31564,6511
96006,162000,41.15575,-120.83952,42
96007,235900,40.45507,-122.30468,3885
96008,197700,40.73559,-122.11091,179
96009,277800,41.06183,-121.04434,24
96011,115200,41.05762,-121.89157,11
96013,169500,40.97495,-121.68316,552
96015,218800,41.49672,-120.87162,15
96016,166800,40.90675,-121.52032,48
96017,258300,41.10776,-122.30751,22
96019,219700,40.68729,-122.39927,1803
96020,229200,40.30089,-121.26286,587
96021,212900,39.91871,-122.26813,1793
96022,263300,40.34232,-122.44814,2882
96023,120300,41.92108,-121.97592,139
96024,278800,40.58767,-122.90143,64
96025,232200,41.20409,-122.32523,343
96027,240800,41.36558,-123.07799,316
96028,286100,41.00761,-121.45731,302
96029,311500,39.94003,-122.48743,41
96031,163600,41.17262,-123.18029,1
96032,253400,41.58503,-122.98291,300
96033,130000,40.75076,-122.60004,48
96034,305300,41.44177,-122.60772,41
96035,223500,40.04168,-122.18254,633
96038,213900,41.60827,-122.54576,37
96039,143800,41.66376,-123.37711,58
96041,310100,40.52059,-123.19991,78
96044,177100,41.95384,-122.64853,156
96047,367600,40.47695,-122.69889,157
96048,330600,40.82613,-123.05594,205
96050,201200,41.85389,-122.95689,31
96051,269100,40.90112,-122.35664,273
96052,282500,40.68515,-122.80342,270
96054,124600,41.26665,-121.10633,48
96055,229300,40.10249,-122.03213,617
96056,266500,41.07178,-121.32607,317
96057,237500,41.26144,-122.0118,158
96058,226600,41.74536,-121.9337,23
96059,358000,40.42947,-121.83465,22
96062,325000,40.56373,-122.06646,196
96063,170700,40.35708,-121.60236,39
96064,199100,41.76371,-122.36433,682
96065,267700,40.88056,-121.95433,54
96067,320300,41.31664,-122.31736,1099
96069,327000,40.68226,-122.02341,225
96073,451900,40.59047,-122.20537,1176
96080,250400,40.16386,-122.39171,4763
96084,241700,40.79395,-121.91519,71
96085,159400,41.73245,-123.05145,4
96086,225000,41.87407,-123.23012,18
96087,334500,40.63296,-122.58067,169
96088,257200,40.50983,-121.88848,1213
96090,197700,40.00681,-122.12142,71
96091,321300,41.04567,-122.78053,140
96092,275000,39.97344,-121.97342,34
96093,298300,40.77237,-122.94329,603
96094,248600,41.51214,-122.36253,1116
96096,332200,40.63738,-121.87552,168
96097,190300,41.76234,-122.65921,1481
96101,145900,41.45803,-120.5043,686
96103,352200,39.78446,-120.66969,268
96104,174400,41.48248,-120.12725,65
96106,470000,39.73552,-120.54388,31
96107,245800,38.45215,-119.51421,98
96109,186400,39.99747,-120.09521,209
96112,197900,41.8372,-120.09403,7
96114,295100,40.2945,-120.49359,524
96118,215000,39.64823,-120.25392,227
96120,375300,38.745,-119.82485,120
96122,198000,39.82082,-120.47652,638
96123,231300,40.80392,-120.30799,0
96125,268200,39.61526,-120.60493,45
96128,353900,40.34948,-120.40198,169
96129,352000,39.81848,-120.35346,57
96130,218100,40.54992,-120.63064,2063
96133,219600,38.63181,-119.50423,91
96134,130100,41.8444,-121.41231,165
96137,236300,40.38554,-121.12478,612
96140,721200,39.23244,-120.10364,272
96141,817300,39.10297,-120.19872,168
96142,577700,39.0138,-120.09592,111
96143,542100,39.26174,-120.02817,562
96145,785700,39.18203,-120.15143,598
96146,1203900,39.22556,-120.23681,128
96148,681100,39.24978,-120.05767,94
96150,488200,38.88971,-120.04409,4669
96161,653600,39.34848,-120.22603,3971
97635,126800,41.93173,-120.29974,12